estacion,fecha,rr,tmx,tmn,tmd,hf,vv,RS
M0001,2015-01-01,4.6,16.7,7,11.1,7.3,7.39,-9999
M0001,2015-01-02,1.1,16.5,6.8,9.3,2.97,6.95,-9999
M0001,2015-01-03,0,15.8,5.2,9.9,5.93,14.83,-9999
M0001,2015-01-04,0,16,6.6,10.1,9.35,14.23,-9999
M0001,2015-01-05,0,14.4,5.7,9.2,5.74,15.31,-9999
M0001,2015-01-06,0,15.1,5,9.1,2.77,14.71,-9999
M0001,2015-01-07,0,16.3,6,10.8,2.39,6.65,-9999
M0001,2015-01-08,7.8,15.5,6.6,10.7,10.44,6.37,-9999
M0001,2015-01-09,0.2,12.6,7,9.5,5.85,16.12,-9999
M0001,2015-01-10,0.3,15.6,7,10.8,8.15,12.82,-9999
M0001,2015-01-11,0,17,6.8,10.8,6.55,6.36,-9999
M0001,2015-01-12,0,16.3,6.8,10.8,5.88,5.45,-9999
M0001,2015-01-13,10.5,17.9,6.3,11.7,4.8,5.17,-9999
M0001,2015-01-14,32,18.2,7,12,1.9,6.65,-9999
M0001,2015-01-15,11,17,7,11.4,2.66,0.84,-9999
M0001,2015-01-16,4.6,14.5,6.9,10,6.57,13.79,-9999
M0001,2015-01-17,0.2,12.2,7.5,9.3,1.96,16.53,-9999
M0001,2015-01-18,0,14.5,7,9,1.91,12.39,-9999
M0001,2015-01-19,0,13.5,7.4,10,2.78,12.62,-9999
M0001,2015-01-20,0,15.1,7.5,10.3,3.4,1.02,-9999
M0001,2015-01-21,0,13.4,6.8,9.6,5.29,3.51,-9999
M0001,2015-01-22,0,15.3,7.8,10.2,6.41,10.63,-9999
M0001,2015-01-23,0,15.5,7.6,11,8.44,4.72,-9999
M0001,2015-01-24,8.1,15.2,7.4,10.8,2.77,1.34,-9999
M0001,2015-01-25,1.9,14.2,7.7,10.2,2.99,2.55,-9999
M0001,2015-01-26,19.8,15,7.5,9.9,10.49,8.58,-9999
M0001,2015-01-27,16.6,15.9,7.9,11.2,9.92,4.01,-9999
M0001,2015-01-28,2,15.7,6.8,10.7,6.63,7.66,-9999
M0001,2015-01-29,5,13.8,5.6,10.2,10.7,3.57,-9999
M0001,2015-01-30,3.7,15.6,7,11.2,10.67,14.28,-9999
M0001,2015-01-31,0.5,14.5,5.8,10.1,3.36,7.35,-9999
M0001,2015-02-01,0.5,16,6.9,10.4,9.68,16.39,-9999
M0001,2015-02-02,0.2,15.9,5.9,10.4,1.52,9.87,-9999
M0001,2015-02-03,0,15.5,6,10.2,6.1,14.67,-9999
M0001,2015-02-04,0,16.5,7,11.3,8.49,14.63,-9999
M0001,2015-02-05,0,13.8,7.7,9.7,9.06,16.42,-9999
M0001,2015-02-06,0,12.4,7,9.9,7.98,14.84,-9999
M0001,2015-02-07,0,11.8,7.8,9.6,3.2,11.74,-9999
M0001,2015-02-08,0,16.2,5.9,10.5,9.01,7.58,-9999
M0001,2015-02-09,0.2,15.4,8.6,11.5,5.61,3.99,-9999
M0001,2015-02-10,0.7,16.6,7,11,8.5,4.86,-9999
M0001,2015-02-11,3.1,16.3,8,11.7,8.32,10.71,-9999
M0001,2015-02-12,1.2,16.9,6.5,10.9,10.03,11.5,-9999
M0001,2015-02-13,1,13.8,7.8,10,7.25,9.91,-9999
M0001,2015-02-14,8.5,17.1,7.6,11.5,9.43,15.97,-9999
M0001,2015-02-15,17.4,16.2,5.2,11.5,3.1,5.09,-9999
M0001,2015-02-16,1.1,17.8,6.1,11.2,10.36,9.96,-9999
M0001,2015-02-17,11.8,12.7,8,9.9,3,7.71,-9999
M0001,2015-02-18,2.2,15.4,8.6,10.8,10.4,5.3,-9999
M0001,2015-02-19,2.1,16.4,4.3,10.3,5.3,7.06,-9999
M0001,2015-02-20,0.8,18,7.8,12,5.4,9.3,-9999
M0001,2015-02-21,38.2,16.8,7.5,11.2,1.15,14.36,-9999
M0001,2015-02-22,1.7,16.4,7.4,10.8,8.14,2.12,-9999
M0001,2015-02-23,2,16.4,6.7,11.1,5.61,11.36,-9999
M0001,2015-02-24,2.4,16.6,7.7,11.6,1.48,7.34,-9999
M0001,2015-02-25,9.2,14.9,7.6,11,9.3,2.39,-9999
M0001,2015-02-26,0,15.1,6.7,10.6,6.71,9.35,-9999
M0001,2015-02-27,23.4,15.8,7.8,11.2,7.91,16.6,-9999
M0001,2015-02-28,17.3,16.9,7.6,11.5,10.34,15.87,-9999
M0001,2015-03-01,0,17.3,8.7,11.8,6.84,5.47,-9999
M0001,2015-03-02,0,16.2,7.7,11.2,5.68,15.79,-9999
M0001,2015-03-03,0,16.3,7.9,11.6,1.87,3.5,-9999
M0001,2015-03-04,0,15,7,10.6,10.39,7.01,-9999
M0001,2015-03-05,0,15.6,7.9,10.7,6.46,12.49,-9999
M0001,2015-03-06,0,16,7.7,10.5,8.04,4.41,-9999
M0001,2015-03-07,6.2,14.4,7.9,10.9,2.28,10.42,-9999
M0001,2015-03-08,2.5,16.6,7.8,11.7,5.61,12.42,-9999
M0001,2015-03-09,0.8,15.8,7.9,11.1,8.64,15.21,-9999
M0001,2015-03-10,8.2,15.7,7.8,11.1,7.8,12.34,-9999
M0001,2015-03-11,0.3,16.7,8.2,11.7,4.84,15.9,-9999
M0001,2015-03-12,21.8,14.6,8.2,11.1,2.35,4.98,-9999
M0001,2015-03-13,8,15.2,8.5,11,8.38,11.73,-9999
M0001,2015-03-14,2.8,16.3,8.1,11.1,9.72,7.81,-9999
M0001,2015-03-15,0,14,8,10.4,10.09,15.15,-9999
M0001,2015-03-16,0,10.9,8,9.1,6.12,15.88,-9999
M0001,2015-03-17,1.9,12.7,7.2,9.5,3.03,4.86,-9999
M0001,2015-03-18,2.7,11.4,6.8,8.5,2.61,1.02,-9999
M0001,2015-03-19,2.2,15.3,6.3,9.5,4.63,16.29,-9999
M0001,2015-03-20,0.6,15.4,6.2,10.3,3.59,7.54,-9999
M0001,2015-03-21,0,13.8,7,10.1,9.87,2.51,-9999
M0001,2015-03-22,4.4,16.3,6.9,12.1,10,1.35,-9999
M0001,2015-03-23,11.6,13.5,7.7,9.6,3.53,6.7,-9999
M0001,2015-03-24,31.3,16.2,7.2,10.6,9.5,14.94,-9999
M0001,2015-03-25,2.7,15,7.6,10.6,2.75,5.67,-9999
M0001,2015-03-26,2.2,15.3,8,11,6.89,10.35,-9999
M0001,2015-03-27,17.6,12.9,7.9,9.8,1.31,12.9,-9999
M0001,2015-03-28,0.1,14.2,7.7,10.1,10.25,7.59,-9999
M0001,2015-03-29,0,14.8,6.7,9.9,2.53,9.94,-9999
M0001,2015-03-30,0.4,15.4,7.8,10.2,8.95,6.21,-9999
M0001,2015-03-31,0,15.4,6.2,11.2,8.75,14.73,-9999
M0001,2015-04-01,0,14.4,7.4,10.4,8.35,7.73,-9999
M0001,2015-04-02,0,15,6.8,10.6,4.23,0.85,-9999
M0001,2015-04-03,0,16.4,7.9,11.5,10.95,3.1,-9999
M0001,2015-04-04,22.5,14.9,7.6,10.4,2.98,15.46,-9999
M0001,2015-04-05,3.5,15.2,7,11.4,5.02,4.55,-9999
M0001,2015-04-06,0.2,17,7.2,11.2,1.33,5.53,-9999
M0001,2015-04-07,2.3,17.3,6.4,12.4,9.65,15.98,-9999
M0001,2015-04-08,0,14.5,7.2,10.8,8.65,12.51,-9999
M0001,2015-04-09,0.8,16.4,7,11.4,7.17,12.84,-9999
M0001,2015-04-10,8.3,16.9,8,11.6,8.49,15.11,-9999
M0001,2015-04-11,13.4,15.4,7.9,10.2,9.82,9.34,-9999
M0001,2015-04-12,25.6,17.1,6,11.8,1.6,7.27,-9999
M0001,2015-04-13,7.7,15.2,7.6,9.8,8.54,3.8,-9999
M0001,2015-04-14,0.4,16.4,8,10.9,7.15,14.95,-9999
M0001,2015-04-15,13.1,15.9,6.8,11.7,4.41,7.93,-9999
M0001,2015-04-16,2.9,14.9,7.5,10,9.48,1.51,-9999
M0001,2015-04-17,1.8,15.8,7.6,10.8,10.53,12.62,-9999
M0001,2015-04-18,0.5,13.8,7.9,10.3,7.5,10.57,-9999
M0001,2015-04-19,1.2,16.2,7.5,11.4,6.92,15.35,-9999
M0001,2015-04-20,2.6,15,7.6,10.9,7,3.74,-9999
M0001,2015-04-21,0,14.7,8.1,10.4,7.74,12.95,-9999
M0001,2015-04-22,1.4,13.9,7,9.5,8.67,14.53,-9999
M0001,2015-04-23,7,14,7.8,10.6,10.22,1.09,-9999
M0001,2015-04-24,3.9,15.7,7.9,11.2,8.34,1.47,-9999
M0001,2015-04-25,3.6,15,7.4,10.5,2.35,5.6,-9999
M0001,2015-04-26,0,14.6,7.4,10.3,1.03,16.03,-9999
M0001,2015-04-27,0,14.7,7.7,10.9,9.09,4.42,-9999
M0001,2015-04-28,0,15.2,6.5,9.8,10.19,1.2,-9999
M0001,2015-04-29,0,18.6,6.6,12.7,3.89,10.75,-9999
M0001,2015-04-30,2.6,15.6,7.3,10.9,3.7,12.17,-9999
M0001,2015-05-01,0.2,16.3,7.4,11.4,8.9,14.74,-9999
M0001,2015-05-02,0.1,15.6,7.6,10.6,10.87,0.94,-9999
M0001,2015-05-03,0.2,14,7.1,9.6,10.88,5.18,-9999
M0001,2015-05-04,0.2,16.4,7.3,11.5,8.94,3.66,-9999
M0001,2015-05-05,0,16.4,7,11.4,1.18,9.01,-9999
M0001,2015-05-06,24.9,16.4,7,11.7,3.57,15.51,-9999
M0001,2015-05-07,24.4,15.6,7.9,11.3,10.23,9.99,-9999
M0001,2015-05-08,3.2,13.8,7.8,9.7,1.34,3.5,-9999
M0001,2015-05-09,6.8,14.6,7.6,10.2,7.25,10.28,-9999
M0001,2015-05-10,0.9,15.9,8,10.7,3.46,9.74,-9999
M0001,2015-05-11,0,16.1,7.5,12.1,7.82,8.34,-9999
M0001,2015-05-12,6,15.1,6.9,10.9,2.81,2.33,-9999
M0001,2015-05-13,1.3,14.8,7.2,10.7,6.16,12,-9999
M0001,2015-05-14,8.1,14.1,6.8,10.1,2.19,5.42,-9999
M0001,2015-05-15,0,14.8,6.7,11.5,8.71,8,-9999
M0001,2015-05-16,15.8,14.9,5.8,11,4.52,2.08,-9999
M0001,2015-05-17,7.1,14.7,7.7,10.7,1.71,6.77,-9999
M0001,2015-05-18,3.6,13.8,7,10.5,9.33,16.1,-9999
M0001,2015-05-19,2.8,16.7,7.4,12.3,6.14,13.03,-9999
M0001,2015-05-20,6.1,15.4,7,12,8.48,8.37,-9999
M0001,2015-05-21,8.3,15.6,7.6,11.9,4.26,6.12,-9999
M0001,2015-05-22,4.4,12.6,7.7,8.9,8.41,11.84,-9999
M0001,2015-05-23,8.2,14.4,7,11.3,2.18,1.03,-9999
M0001,2015-05-24,0,15.8,5.7,10.5,2.25,15.88,-9999
M0001,2015-05-25,0,13.7,6.6,9.9,3.25,8.96,-9999
M0001,2015-05-26,0,13.9,6,9.7,6.16,13.45,-9999
M0001,2015-05-27,1.2,15.4,7.6,11.3,1.07,8.79,-9999
M0001,2015-05-28,1.6,14.9,8,11,2.87,13.55,-9999
M0001,2015-05-29,4.4,15,6.8,10.4,4.2,4.07,-9999
M0001,2015-05-30,0.5,13.9,7.6,10.1,7.57,9.06,-9999
M0001,2015-05-31,4.4,15.2,6.7,10.4,1.84,12.28,-9999
M0001,2015-06-01,1.8,13.8,7.2,9.5,7.45,10.45,-9999
M0001,2015-06-02,0,12.2,6.2,10.4,10.9,1.23,-9999
M0001,2015-06-03,0,16.8,6.5,11.2,6.06,3.31,-9999
M0001,2015-06-04,0,14.4,7.5,9.6,3.15,7.93,-9999
M0001,2015-06-05,0,17.2,6.2,10.5,7.59,15.07,-9999
M0001,2015-06-06,0.2,15,7.8,10.8,6.47,7.67,-9999
M0001,2015-06-07,0,16.6,6.9,11.4,10.73,3.5,-9999
M0001,2015-06-08,21.8,16.6,6.7,11.2,8.04,5.2,-9999
M0001,2015-06-09,0,15.6,7.2,10.9,4.61,3.66,-9999
M0001,2015-06-10,0.2,15.9,6.9,11.2,7.81,4.58,-9999
M0001,2015-06-11,0,17.5,8.4,12.1,5.09,15.73,-9999
M0001,2015-06-12,0,17,8.1,11.6,8.04,5.32,-9999
M0001,2015-06-13,0,16,7.5,11.6,2.83,11.85,-9999
M0001,2015-06-14,0,15.9,6.9,11.6,4.07,12.36,-9999
M0001,2015-06-15,1.6,13.9,7.9,10.4,7.63,7.93,-9999
M0001,2015-06-16,20.3,12.9,6.2,10.1,3.96,10.6,-9999
M0001,2015-06-17,1.2,14.2,7,9.9,8.76,9.93,-9999
M0001,2015-06-18,0,15.6,6.7,10.7,10.39,15.59,-9999
M0001,2015-06-19,0,16.2,7,10.8,2.23,6.87,-9999
M0001,2015-06-20,0,15.7,8.4,11,8.38,2.92,-9999
M0001,2015-06-21,0.5,14.5,8.4,11.1,1.96,15.93,-9999
M0001,2015-06-22,1.3,15.8,8.7,11.7,8.6,5.86,-9999
M0001,2015-06-23,6.9,15.9,8,10.8,8.19,1.3,-9999
M0001,2015-06-24,0,15.7,7.3,11,2.5,13.84,-9999
M0001,2015-06-25,0,15.5,6.9,10.1,2.22,1.94,-9999
M0001,2015-06-26,0,17.7,5.9,11.5,3.3,3.37,-9999
M0001,2015-06-27,0,16.2,7.2,11.4,2.02,10.35,-9999
M0001,2015-06-28,0,17.5,7.6,12.1,5.14,11.78,-9999
M0001,2015-06-29,0,17.7,7.2,11.9,2.58,10.71,-9999
M0001,2015-06-30,0,16.3,7.3,11.6,5.69,12.12,-9999
M0001,2015-07-01,0,16.7,7.8,11.4,2.02,15.89,-9999
M0001,2015-07-02,0,17.2,6.7,11.6,10.41,15.88,-9999
M0001,2015-07-03,0,14.9,8.6,10.6,4.45,12.48,-9999
M0001,2015-07-04,0,15.2,7.5,10.2,5.38,5.85,-9999
M0001,2015-07-05,0,14.3,6.8,10.2,7.93,14.52,-9999
M0001,2015-07-06,3.2,14.6,7.7,10.8,7.49,9.56,-9999
M0001,2015-07-07,0,14.4,7.8,10.6,10.16,4.87,-9999
M0001,2015-07-08,0,15.2,7.6,10.9,8.91,3.52,-9999
M0001,2015-07-09,0,15.7,7.5,10.8,3.79,10.47,-9999
M0001,2015-07-10,0,14.3,5.4,10.6,3.68,4.53,-9999
M0001,2015-07-11,0,15.4,6.6,11.5,4.04,11.47,-9999
M0001,2015-07-12,0,16,6.8,10.6,1.88,6.74,-9999
M0001,2015-07-13,0,16.4,4.2,10.8,6.6,9.64,-9999
M0001,2015-07-14,0,13.9,6.7,10.1,7.46,11.42,-9999
M0001,2015-07-15,0,15.1,6.9,10.4,7.5,15.3,-9999
M0001,2015-07-16,0,15.6,5.9,10.2,2.83,2.62,-9999
M0001,2015-07-17,0,16.2,7.5,11.4,8.91,3.04,-9999
M0001,2015-07-18,0,11.2,6.8,8.8,2.87,1.4,-9999
M0001,2015-07-19,0,12.8,6.4,9.5,4.85,6.42,-9999
M0001,2015-07-20,26,15.5,6.7,9.9,8.48,9.06,-9999
M0001,2015-07-21,6.2,14.6,5.7,10.3,3.09,7.3,-9999
M0001,2015-07-22,0,16.7,7,11.8,6.73,9.8,-9999
M0001,2015-07-23,0,14.6,7.7,10,3.89,10.1,-9999
M0001,2015-07-24,0,11.9,7,9.3,1.76,1.6,-9999
M0001,2015-07-25,0,12,6.8,9.9,10.91,13.28,-9999
M0001,2015-07-26,0,11.2,7,8.8,4.1,8.21,-9999
M0001,2015-07-27,0,15.3,5.7,9.8,8.83,6.11,-9999
M0001,2015-07-28,0,15.9,5.2,11.1,9.4,3.02,-9999
M0001,2015-07-29,0,16.8,6.3,11,10.88,10.14,-9999
M0001,2015-07-30,0,15.9,7.1,11.2,9.53,12.03,-9999
M0001,2015-07-31,0,15.7,8.6,12.3,5.57,2.6,-9999
M0001,2015-08-01,0,17.2,5.8,11.8,5.21,4.58,-9999
M0001,2015-08-02,0,15.6,4.8,10.2,1.54,6.82,-9999
M0001,2015-08-03,0,15.4,5.2,10.1,10.64,11.96,-9999
M0001,2015-08-04,0,14.1,5.3,10.4,5.85,10.56,-9999
M0001,2015-08-05,0,14.9,6,10.9,3.62,12.49,-9999
M0001,2015-08-06,0,15.9,5.5,10.7,6.6,2.69,-9999
M0001,2015-08-07,0.7,16.2,6,11.3,6.37,7.1,-9999
M0001,2015-08-08,0.2,15.7,5.9,10.9,9.8,0.92,-9999
M0001,2015-08-09,0.7,14.6,7.3,10.7,3.07,15.95,-9999
M0001,2015-08-10,0,15,7.5,10.6,7.37,3.09,-9999
M0001,2015-08-11,0,14.9,6.7,10.5,4.49,8.6,-9999
M0001,2015-08-12,0,15.4,6.6,10.7,2.12,5.77,-9999
M0001,2015-08-13,0.3,17.5,3.4,11.4,9.45,5.64,-9999
M0001,2015-08-14,0,15.4,5.9,10.4,5.81,4.68,-9999
M0001,2015-08-15,0,16.1,6.1,10.8,4.16,8.34,-9999
M0001,2015-08-16,0,16.5,5.7,10.4,1.66,5.14,-9999
M0001,2015-08-17,0,15.2,6.4,11.3,8.77,12.6,-9999
M0001,2015-08-18,0,15.8,5.7,11.6,4.05,9.7,-9999
M0001,2015-08-19,0,12.9,7.2,9.6,5.68,2.17,-9999
M0001,2015-08-20,0,16.7,6.3,11.3,7.42,7.76,-9999
M0001,2015-08-21,0,17.7,5,11.7,4.3,6.53,-9999
M0001,2015-08-22,0,16.2,7.2,10.8,9.08,11.76,-9999
M0001,2015-08-23,0,14,6.8,9.9,6.81,4.47,-9999
M0001,2015-08-24,0,16.2,5.5,10.6,6.89,8.86,-9999
M0001,2015-08-25,0.2,12.6,7,9.9,4.73,12.98,-9999
M0001,2015-08-26,0,14.7,6.4,10.5,8.08,10.79,-9999
M0001,2015-08-27,0,16.7,5.9,10.2,8.42,9.86,-9999
M0001,2015-08-28,0,17.8,5.9,12,2.18,11.04,-9999
M0001,2015-08-29,0,17.7,3.7,11.3,5.9,4.92,-9999
M0001,2015-08-30,0,17.4,6.7,12.5,3.98,16.38,-9999
M0001,2015-08-31,0,17.6,6,11.4,10.2,16.37,-9999
M0001,2015-09-01,0,17.8,6.8,11.3,10.27,6.44,-9999
M0001,2015-09-02,0,17.7,7.2,10.4,5.02,2.7,-9999
M0001,2015-09-03,17,17.1,5,10.8,6.09,11.32,-9999
M0001,2015-09-04,3,16.9,6.6,11.7,3.64,8.62,-9999
M0001,2015-09-05,8.2,17.9,3.9,11.5,9.68,8.07,-9999
M0001,2015-09-06,2,17.3,3.6,11.4,3.07,6.57,-9999
M0001,2015-09-07,8.4,17.6,3.2,11,4.61,1.72,-9999
M0001,2015-09-08,0,17.4,3.5,11.7,2.22,14.94,-9999
M0001,2015-09-09,7.6,18.2,7.5,12.1,4.42,5.22,-9999
M0001,2015-09-10,2.3,19.7,6.6,12.4,3.14,12.08,-9999
M0001,2015-09-11,0,17.2,6.5,11.9,6.51,7.42,-9999
M0001,2015-09-12,0,17.1,6.4,12.3,5.89,11.93,-9999
M0001,2015-09-13,1.8,18.7,7.3,12.3,4.2,3.42,-9999
M0001,2015-09-14,0.6,17.6,8,12.7,2.74,11.58,-9999
M0001,2015-09-15,0,18.1,6.1,11.3,2.31,2.27,-9999
M0001,2015-09-16,0,16.5,5.9,11,2.29,4.25,-9999
M0001,2015-09-17,0,17.1,6,11.6,5.51,11.24,-9999
M0001,2015-09-18,0,17.5,6,12.2,1.58,5.72,-9999
M0001,2015-09-19,0,15.8,5.4,11,1.64,11.06,-9999
M0001,2015-09-20,0,17.2,6.2,11.6,5.2,11.76,-9999
M0001,2015-09-21,1.6,16.2,6.7,11.7,8.65,2.95,-9999
M0001,2015-09-22,0,17.6,5.3,11.9,9.13,10.21,-9999
M0001,2015-09-23,2.4,17.4,7.4,11.7,10.21,14.26,-9999
M0001,2015-09-24,7.4,17.1,7.8,9.8,9.74,1.57,-9999
M0001,2015-09-25,1.1,18,6.7,12,8.93,10.11,-9999
M0001,2015-09-26,0,16.1,6.9,11.2,7.66,7.33,-9999
M0001,2015-09-27,7.5,15.8,7,10.6,3.04,10.65,-9999
M0001,2015-09-28,6.2,14.1,7.9,11.3,7.73,6.7,-9999
M0001,2015-09-29,0.1,13.6,6.5,10.7,1.2,4.41,-9999
M0001,2015-09-30,0.1,14.4,7,11.1,2.67,13.55,-9999
M0001,2015-10-01,0.2,17.2,6.6,12.3,7.19,3.93,-9999
M0001,2015-10-02,0.2,16.9,7.8,12.2,8.6,2.92,-9999
M0001,2015-10-03,8,15.7,8.9,10.8,1.8,13.43,-9999
M0001,2015-10-04,6.4,16.8,8.5,11,8.13,6.86,-9999
M0001,2015-10-05,0,17.3,7.8,11.6,1.57,12.6,-9999
M0001,2015-10-06,5.5,16.2,8.6,10.7,7.16,1.47,-9999
M0001,2015-10-07,0.2,15.8,8.7,10.9,1.43,5.97,-9999
M0001,2015-10-08,0,13.9,8.3,10.4,3.91,3.41,-9999
M0001,2015-10-09,0,14.6,8.5,10.4,9.45,7.63,-9999
M0001,2015-10-10,0,15.7,7.9,10.7,8.65,8.64,-9999
M0001,2015-10-11,0,14.4,7.9,10.6,3.88,1.89,-9999
M0001,2015-10-12,0,18.3,8,12.4,4.35,13.38,-9999
M0001,2015-10-13,0,17.5,7.2,11.9,4.99,15.48,-9999
M0001,2015-10-14,0,19.5,6.8,12.6,6.6,13.78,-9999
M0001,2015-10-15,0,17.3,7,12.7,3.61,1.27,-9999
M0001,2015-10-16,0,17.3,7,11.1,1.96,1.81,-9999
M0001,2015-10-17,0,18.4,7.8,12.3,6.6,14.35,-9999
M0001,2015-10-18,0,14.2,8.2,11.1,1.67,14.2,-9999
M0001,2015-10-19,0,18,7.6,12.4,6.94,13.38,-9999
M0001,2015-10-20,0,17.3,7.9,11,4.11,6.98,-9999
M0001,2015-10-21,0.4,18.7,7,12.8,7.77,1.44,-9999
M0001,2015-10-22,3.4,17.9,7.9,11.3,10.42,14.44,-9999
M0001,2015-10-23,0,19.4,6.7,12.3,3.46,2.35,-9999
M0001,2015-10-24,0,12.7,7.8,9.5,6.54,11.32,-9999
M0001,2015-10-25,0,14.6,5.4,9.9,4.43,8.32,-9999
M0001,2015-10-26,0,17.4,4.7,10.9,5.51,13.98,-9999
M0001,2015-10-27,16.1,15,6.5,11.2,2.75,14.03,-9999
M0001,2015-10-28,0,17.2,5.6,8.7,6.28,10.75,-9999
M0001,2015-10-29,20.8,18.8,6.5,11.6,2.03,9.8,-9999
M0001,2015-10-30,5.4,13.3,7.4,9.1,2.67,10.18,-9999
M0001,2015-10-31,0.8,17.6,7,12.2,1.42,11.92,-9999
M0001,2015-11-01,9.1,16.5,7.4,11.7,10.12,5.69,-9999
M0001,2015-11-02,0,15.8,7.6,10.9,10.61,8.54,-9999
M0001,2015-11-03,0,16,4.4,10.9,2.96,16.56,-9999
M0001,2015-11-04,0,16.8,7.7,11.3,8.28,11.72,-9999
M0001,2015-11-05,0,17.8,7.2,12.3,2.83,1.44,-9999
M0001,2015-11-06,0,16.6,8,12.3,5.78,8.85,-9999
M0001,2015-11-07,0,15.9,7.7,11.2,2.81,16.19,-9999
M0001,2015-11-08,0,18.6,7.3,12.1,7.94,9.59,-9999
M0001,2015-11-09,0,12.7,7.6,10.4,5.64,1.59,-9999
M0001,2015-11-10,0,16.9,7.5,12,2.7,9.66,-9999
M0001,2015-11-11,0,15.4,8.5,11.7,10.54,8.15,-9999
M0001,2015-11-12,0,15.7,8.7,11.2,2.9,14.92,-9999
M0001,2015-11-13,3.2,13.6,8.4,10.8,7.65,16.52,-9999
M0001,2015-11-14,1,16.5,8.1,11.5,10.44,8.05,-9999
M0001,2015-11-15,3.3,16.5,7.4,11,3.48,3.27,-9999
M0001,2015-11-16,1.5,14,7.5,10,7.14,16.53,-9999
M0001,2015-11-17,0.1,16.3,6.5,11.2,8.5,15.77,-9999
M0001,2015-11-18,0.2,16.7,6.8,11.7,2.46,10.43,-9999
M0001,2015-11-19,0.7,17.5,7.8,12.2,6.15,14.81,-9999
M0001,2015-11-20,0,18.1,7.1,11.1,1.12,6.55,-9999
M0001,2015-11-21,0.1,17.2,7.2,12.3,10.71,12.92,-9999
M0001,2015-11-22,33,17.7,6.8,12.4,6.98,16.39,-9999
M0001,2015-11-23,5.6,17,8.5,12,3.27,1.08,-9999
M0001,2015-11-24,0,15.4,7.8,9.9,7.13,12.43,-9999
M0001,2015-11-25,0,17.3,4,11.5,4.27,16.3,-9999
M0001,2015-11-26,0,17.1,4.3,11.3,1.65,7.76,-9999
M0001,2015-11-27,0,15.2,8.1,10.8,10.02,2.68,-9999
M0001,2015-11-28,0,16.7,7.1,11.7,4.23,1.64,-9999
M0001,2015-11-29,1.5,17.8,6.4,11.7,9.59,10.8,-9999
M0001,2015-11-30,0,17.7,6.6,11.9,5.16,1.38,-9999
M0001,2015-12-01,0.5,17.4,7.5,11.5,1.85,3.36,-9999
M0001,2015-12-02,0,17.2,6.8,11.4,1.68,2.4,-9999
M0001,2015-12-03,0,16.8,4.8,11.1,6.8,14.78,-9999
M0001,2015-12-04,0,17.4,4.4,11.8,5.16,14.53,-9999
M0001,2015-12-05,0,18.1,6.7,12.1,9.67,14.93,-9999
M0001,2015-12-06,0.5,16,8.6,11.3,4.05,3.19,-9999
M0001,2015-12-07,0.4,15.5,7.8,10.9,9.94,9.99,-9999
M0001,2015-12-08,0,17.8,7.6,11.1,4.66,2.54,-9999
M0001,2015-12-09,0,17.5,7.5,11.5,5.99,3.33,-9999
M0001,2015-12-10,0,17.8,7.8,12,7.47,11.9,-9999
M0001,2015-12-11,23.6,15.4,8,10.8,1.4,8.2,-9999
M0001,2015-12-12,3,14.7,7.4,11,6.7,2.68,-9999
M0001,2015-12-13,16,16.8,7,11.9,6.35,11.8,-9999
M0001,2015-12-14,23.5,17.8,7,12.1,7.53,9.98,-9999
M0001,2015-12-15,1.2,17.4,7.8,11.8,6.35,15.49,-9999
M0001,2015-12-16,0,17.9,7,12.1,9.17,4.04,-9999
M0001,2015-12-17,0,18,7,12,7.81,13.12,-9999
M0001,2015-12-18,0,17.5,7.4,11.7,7.25,2.29,-9999
M0001,2015-12-19,0,18.6,7.8,12.1,5.4,10.94,-9999
M0001,2015-12-20,0,18.4,7.3,12.3,5.89,5.9,-9999
M0001,2015-12-21,0,17.4,6.8,11.8,10.09,9.64,-9999
M0001,2015-12-22,0,17.8,7.9,13.6,6.27,11.45,-9999
M0001,2015-12-23,0,17.8,7.9,13.6,5.49,2.71,-9999
M0001,2015-12-24,0,19,7.6,13.3,8.02,14.63,-9999
M0001,2015-12-25,0.3,15,8.6,11.2,2.98,13.48,-9999
M0001,2015-12-26,0,18.1,7.8,12.1,8.96,7.19,-9999
M0001,2015-12-27,0,18,9.5,11.7,6.32,15.95,-9999
M0001,2015-12-28,16.5,16.8,7.6,11.8,8.45,11.07,-9999
M0001,2015-12-29,4.2,17.6,8.9,12,8.07,1.03,-9999
M0001,2015-12-30,0,17.9,8.8,12.1,4.06,10.15,-9999
M0001,2015-12-31,2.6,18.5,8.9,12.2,10.71,9.4,-9999
M0001,2016-01-01,0,17.5,8.6,13,8.45,5.55,-9999
M0001,2016-01-02,0,16.3,9.1,11.1,10.76,11.75,-9999
M0001,2016-01-03,0,14.8,9.1,10.9,3.94,14.32,-9999
M0001,2016-01-04,1.3,14.1,8.6,11,2.51,9.47,-9999
M0001,2016-01-05,0,12.7,9,10.7,2.82,3.46,-9999
M0001,2016-01-06,2.9,16.1,9.3,11.7,9.85,15.2,-9999
M0001,2016-01-07,0,18.6,7.4,13.1,2,11.24,-9999
M0001,2016-01-08,0,18.9,6.9,12.9,3.88,9.87,-9999
M0001,2016-01-09,0,17.1,7.3,11.9,3.18,6.3,-9999
M0001,2016-01-10,2,18,8.8,12.2,6.96,12.83,-9999
M0001,2016-01-11,16.5,17.4,7,12,4.45,15.37,-9999
M0001,2016-01-12,0.1,15.6,7.5,11.3,7.87,5.22,-9999
M0001,2016-01-13,3,17.9,8,11.7,2.19,15.39,-9999
M0001,2016-01-14,0,19.1,7.2,13.7,8.21,8.86,-9999
M0001,2016-01-15,0,19.6,8.9,13.2,10.63,3.69,-9999
M0001,2016-01-16,0,17.9,8.6,13,7.95,6.54,-9999
M0001,2016-01-17,3.2,11.2,9,10,8.26,5.04,-9999
M0001,2016-01-18,7,17.9,7.1,12.3,6.67,12.38,-9999
M0001,2016-01-19,3,18.6,8.6,13.1,5.02,9.5,-9999
M0001,2016-01-20,0.2,17.7,6.9,12.7,3.01,7.08,-9999
M0001,2016-01-21,4.1,16.8,6,11.6,3.83,2.7,-9999
M0001,2016-01-22,1.7,15,8.6,10.1,4.87,6.68,-9999
M0001,2016-01-23,7.7,17.6,8,12,1.72,8.97,-9999
M0001,2016-01-24,2.8,18.7,6,12,2.03,5.73,-9999
M0001,2016-01-25,0,18.8,8.6,11.9,2,1.24,-9999
M0001,2016-01-26,0,17.3,6.3,11.1,6.99,4.95,-9999
M0001,2016-01-27,0,15.4,7.6,10.4,7.62,12.95,-9999
M0001,2016-01-28,0,17,7.4,11.8,1.03,1.59,-9999
M0001,2016-01-29,0,16.3,8.1,11.4,10.58,3.16,-9999
M0001,2016-01-30,0,15.8,8,11.3,5.55,15.28,-9999
M0001,2016-01-31,0,13.5,8.4,10.6,5.98,9.71,-9999
M0001,2016-02-01,0,14,8.8,11.2,3.5,15.99,-9999
M0001,2016-02-02,0,15.5,8.6,10.8,4.59,2.94,-9999
M0001,2016-02-03,3.3,16.3,8.1,11.1,3.35,13.17,-9999
M0001,2016-02-04,0,17.3,8.5,11.8,8.82,5.93,-9999
M0001,2016-02-05,0,18.3,7.6,12.6,3.43,9.89,-9999
M0001,2016-02-06,0,14.8,9.1,11.3,6.07,9.24,-9999
M0001,2016-02-07,0,17.4,8.4,11.6,7.67,5.78,-9999
M0001,2016-02-08,0,14.9,7.8,10.8,5.56,2.49,-9999
M0001,2016-02-09,0,17.6,8.6,12.1,6.67,12.3,-9999
M0001,2016-02-10,0,17.8,8.7,12.4,5.3,4.96,-9999
M0001,2016-02-11,0,16.9,8.6,11.4,3.6,7.52,-9999
M0001,2016-02-12,0,17.7,8.2,13,5.64,10.17,-9999
M0001,2016-02-13,0,17.4,8.1,11.9,3.2,5.08,-9999
M0001,2016-02-14,0,17,8.9,12.1,8.59,10.51,-9999
M0001,2016-02-15,0,15.3,8.7,11.1,10.11,11.46,-9999
M0001,2016-02-16,0,16.5,7.8,11.9,10.33,7.25,-9999
M0001,2016-02-17,0,18,8.6,11.9,5.21,16.33,-9999
M0001,2016-02-18,0,18,8.3,12.7,8.23,3.76,-9999
M0001,2016-02-19,0,16.9,8.9,12.2,7.11,12.66,-9999
M0001,2016-02-20,0,17.5,9.5,12.5,10.1,10.6,-9999
M0001,2016-02-21,32.7,15.9,8.9,11.1,10.71,8.27,-9999
M0001,2016-02-22,15.3,15.8,8.6,11.7,2.14,9.24,-9999
M0001,2016-02-23,7.2,13.6,9.2,10.6,1.99,13.85,-9999
M0001,2016-02-24,1.2,15.3,9.6,10.8,5.9,4.46,-9999
M0001,2016-02-25,0.1,16.7,9.2,12.1,9.76,16.02,-9999
M0001,2016-02-26,0,15.7,8.8,11,1.7,2.32,-9999
M0001,2016-02-27,0.4,11.2,8.5,9.6,9.85,3.26,-9999
M0001,2016-02-28,0.4,16.3,7.2,11.4,1.84,10.3,-9999
M0001,2016-02-29,0,17.2,8.7,12.6,10.56,6.88,-9999
M0001,2016-03-01,0.4,15.8,7.9,11.9,7.75,5.59,-9999
M0001,2016-03-02,0,16.7,8.5,12.6,7.36,14.1,-9999
M0001,2016-03-03,0,14.6,7.9,10.3,4.1,12.69,-9999
M0001,2016-03-04,0.4,15.2,8.9,10.9,5.64,1.88,-9999
M0001,2016-03-05,8,15.4,9.6,12.3,9.39,11.23,-9999
M0001,2016-03-06,0,17.5,8.8,12.1,2.04,10.4,-9999
M0001,2016-03-07,0,16.2,8.5,11.2,4.69,10.33,-9999
M0001,2016-03-08,0,15.1,9.4,11.9,5.29,3.19,-9999
M0001,2016-03-09,0,16.3,8.9,11.7,8.68,9.97,-9999
M0001,2016-03-10,0.2,16.7,9,11.6,4.07,9.96,-9999
M0001,2016-03-11,0,15.5,9.4,11.8,7.02,9.87,-9999
M0001,2016-03-12,0,15.8,8.9,11.2,10.14,5.78,-9999
M0001,2016-03-13,0,14.8,6.8,11.1,7.05,13.9,-9999
M0001,2016-03-14,24,12.3,6.2,10.2,3.05,7.35,-9999
M0001,2016-03-15,12.1,15.1,6.4,11.2,4.27,15.31,-9999
M0001,2016-03-16,0.4,16.7,7.8,11.7,5.28,10.64,-9999
M0001,2016-03-17,0.4,15.2,8.7,11.6,1.78,7.89,-9999
M0001,2016-03-18,10.4,17.4,7.9,11.7,2.55,15.56,-9999
M0001,2016-03-19,2.1,16.8,8.5,12.4,9.95,9.92,-9999
M0001,2016-03-20,33,17.6,9,13.2,5.09,13.93,-9999
M0001,2016-03-21,5.3,16.6,9.4,12.1,9.17,9.3,-9999
M0001,2016-03-22,0,14.9,8.8,10.6,1.23,6.21,-9999
M0001,2016-03-23,1.6,14,7.8,9.9,4.01,8.83,-9999
M0001,2016-03-24,0,14,7.5,10.4,1.29,7.2,-9999
M0001,2016-03-25,0.2,13.6,8.4,10.8,10.68,7.74,-9999
M0001,2016-03-26,0,16.7,8.6,11.9,7.54,14.11,-9999
M0001,2016-03-27,0,18.2,8,12.5,7.83,15.01,-9999
M0001,2016-03-28,0,17.8,9.2,12.7,4.81,3.59,-9999
M0001,2016-03-29,1.5,16.2,9.6,12.1,5.59,16.5,-9999
M0001,2016-03-30,0,16.8,8.2,11.6,6.36,3.64,-9999
M0001,2016-03-31,0,16.7,9.2,12.1,1.14,3,-9999
M0001,2016-04-01,4.3,14.2,9,10.4,1.61,10.05,-9999
M0001,2016-04-02,0,13.6,8.4,10.4,9.09,11.99,-9999
M0001,2016-04-03,0,15.8,8.7,11.3,7.26,1.51,-9999
M0001,2016-04-04,0,18.2,7,12,9.66,16.38,-9999
M0001,2016-04-05,0,17.9,9,12.7,6.07,11.6,-9999
M0001,2016-04-06,0,16.3,6.4,11.2,1.14,13.73,-9999
M0001,2016-04-07,5.4,16.7,9.6,11.7,4.96,6.07,-9999
M0001,2016-04-08,0.1,16.7,7.3,11.2,7.61,8.55,-9999
M0001,2016-04-09,0,17.1,7,11.6,10.41,9.58,-9999
M0001,2016-04-10,0,17.3,7.6,12.1,8.59,8.23,-9999
M0001,2016-04-11,0,17.4,8.8,12.2,2.55,2.22,-9999
M0001,2016-04-12,0.5,17,7.9,11.7,1.85,5.12,-9999
M0001,2016-04-13,0,17.4,8.6,12.1,9.43,2.68,-9999
M0001,2016-04-14,0,15.9,7.9,11.3,5.37,15.92,-9999
M0001,2016-04-15,0.3,18.1,8.2,12.2,9.52,13.74,-9999
M0001,2016-04-16,0,17.5,9.1,12.2,4.27,10.95,-9999
M0001,2016-04-17,0,16.6,8,11.4,7.44,16.02,-9999
M0001,2016-04-18,0.3,18.4,8.9,11.2,5.43,9.73,-9999
M0001,2016-04-19,0.4,17.4,8.6,11.8,2.13,16.04,-9999
M0001,2016-04-20,0,13.3,8.8,10.6,5.71,10.44,-9999
M0001,2016-04-21,0.1,16.6,8.8,11.3,3.49,10.76,-9999
M0001,2016-04-22,3.4,17.3,7.8,12.1,1.2,5.98,-9999
M0001,2016-04-23,0.4,17.4,8.6,11.4,10.94,7.69,-9999
M0001,2016-04-24,0,15.3,8,11.3,10.24,9.44,-9999
M0001,2016-04-25,0,16.9,8.7,12.1,10.12,12.16,-9999
M0001,2016-04-26,0,16.9,8,12.1,3.52,9.92,-9999
M0001,2016-04-27,0,15.6,8.6,10.8,6.51,6.58,-9999
M0001,2016-04-28,0,16.7,7.6,12,2.88,12.61,-9999
M0001,2016-04-29,0.9,15.6,8.7,11,8.63,7.9,-9999
M0001,2016-04-30,0,15.3,8,11.7,7.49,3.05,-9999
M0001,2016-05-01,0,15.7,8.9,11.5,8.17,5.37,-9999
M0001,2016-05-02,0,16.8,8.1,12,7.91,10.82,-9999
M0001,2016-05-03,0.3,15.3,6.6,11.7,10.31,11.04,-9999
M0001,2016-05-04,0.1,16.4,8.3,11.5,2.38,5.99,-9999
M0001,2016-05-05,0.9,17.1,8.8,12.2,7.91,13.89,-9999
M0001,2016-05-06,0.6,16.4,9.3,11.7,6.92,7.88,-9999
M0001,2016-05-07,1.1,14.1,7.6,10.5,2.34,15.48,-9999
M0001,2016-05-08,3.4,14.7,8.4,11.2,5.65,10.04,-9999
M0001,2016-05-09,0.7,15.9,7.2,11.2,1.01,2.08,-9999
M0001,2016-05-10,0,17.1,8.3,11.7,6.88,14.59,-9999
M0001,2016-05-11,0,17,6.9,12.9,8.43,11.34,-9999
M0001,2016-05-12,0,16.1,7.5,11.8,5.99,4.86,-9999
M0001,2016-05-13,0,16.9,8.5,12.3,8.07,2.53,-9999
M0001,2016-05-14,0,17.1,8.4,12.2,5.67,13.69,-9999
M0001,2016-05-15,21.2,17.3,8.9,12.2,8.21,8.94,-9999
M0001,2016-05-16,0,17.4,8.7,12.3,7.41,2.11,-9999
M0001,2016-05-17,0,17.4,8.7,12.8,2.02,2.59,-9999
M0001,2016-05-18,0.9,14.9,7.2,10.9,6.81,3.52,-9999
M0001,2016-05-19,0,13.5,7.9,10.7,7.8,11.38,-9999
M0001,2016-05-20,0,18.7,8.2,12.9,2.14,0.92,-9999
M0001,2016-05-21,1,16.3,8,11,1.45,14.67,-9999
M0001,2016-05-22,0.6,13.5,8.9,10.3,4.44,15.41,-9999
M0001,2016-05-23,0,11.8,6.7,8.4,8.72,7.77,-9999
M0001,2016-05-24,1.3,16.4,6.6,10.4,9.86,8.38,-9999
M0001,2016-05-25,0,17.2,7.8,12.4,4.3,3.35,-9999
M0001,2016-05-26,0.8,13.1,8,10.1,9.71,7.23,-9999
M0001,2016-05-27,1.2,14.8,7.8,10.9,8.94,2,-9999
M0001,2016-05-28,0,13.9,6.5,9.7,9.34,12.64,-9999
M0001,2016-05-29,1,14.7,6.4,11.1,5.01,7.21,-9999
M0001,2016-05-30,0,15,6,10.5,2.47,16.47,-9999
M0001,2016-05-31,0,14.3,5.9,10,9.1,16.37,-9999
M0001,2016-06-01,0,15.7,7.7,10.9,6.4,6.1,-9999
M0001,2016-06-02,0,14.3,8.6,10.3,5.99,11.55,-9999
M0001,2016-06-03,7.2,15.4,6.8,10.7,4.19,2.59,-9999
M0001,2016-06-04,0.5,14.7,5.9,9.6,2.82,9.5,-9999
M0001,2016-06-05,2.6,14.6,6,10.8,10.56,4.93,-9999
M0001,2016-06-06,0,15,6.9,9.9,3.03,11.68,-9999
M0001,2016-06-07,0,15.1,7.1,11,3.72,16,-9999
M0001,2016-06-08,0.1,14.6,6.7,11,7.01,0.92,-9999
M0001,2016-06-09,0.3,14.9,7.8,9.6,1,13.14,-9999
M0001,2016-06-10,0.6,12,6.9,8.9,9.36,3.97,-9999
M0001,2016-06-11,0.1,14.5,6.8,10.2,1.61,10.54,-9999
M0001,2016-06-12,2.1,15,7,10.5,5.73,4.17,-9999
M0001,2016-06-13,0,14.1,6.7,10.4,10.5,2.53,-9999
M0001,2016-06-14,0,15,7.9,10.3,2.06,14.64,-9999
M0001,2016-06-15,0,15.4,7.7,11.2,10.71,4,-9999
M0001,2016-06-16,0,15.2,7.2,11.1,3.12,14.39,-9999
M0001,2016-06-17,0,15,8.2,11.5,6.37,1.16,-9999
M0001,2016-06-18,0,13.8,8,10.4,3.86,7.69,-9999
M0001,2016-06-19,0,13.7,7.2,10.3,6.03,3.58,-9999
M0001,2016-06-20,0,13.4,7,9.1,4.42,4.68,-9999
M0001,2016-06-21,0,13.7,7.8,10.1,4.97,15.3,-9999
M0001,2016-06-22,0,15.4,7.7,10.9,3.48,6.42,-9999
M0001,2016-06-23,0,16.6,7.6,11.6,7.67,8.93,-9999
M0001,2016-06-24,0,15.9,7.7,11.3,5.63,5.59,-9999
M0001,2016-06-25,0,16.1,7.7,11.3,3.8,1.81,-9999
M0001,2016-06-26,0,15.6,7.9,10.7,5.17,15.22,-9999
M0001,2016-06-27,0,16.3,8.2,11,9.86,2.49,-9999
M0001,2016-06-28,0,16.1,8.8,12,10.42,10.56,-9999
M0001,2016-06-29,0,15.8,7.1,11.5,4.9,7.45,-9999
M0001,2016-06-30,0,15.7,6.9,10.9,2.47,4.83,-9999
M0001,2016-07-01,0,14.3,6.4,10.3,9.53,13.94,-9999
M0001,2016-07-02,0,13.6,6.1,10,8.03,5.05,-9999
M0001,2016-07-03,0,13.4,7.1,9.8,5.01,6.23,-9999
M0001,2016-07-04,0,14.9,7,10.6,4.39,1.39,-9999
M0001,2016-07-05,0,16.3,6.7,12,4.43,5.73,-9999
M0001,2016-07-06,0,15.2,7.7,11,8.19,14.59,-9999
M0001,2016-07-07,0,13.9,7.6,10.2,3.73,5.71,-9999
M0001,2016-07-08,0.5,13.7,6.8,9.9,3.32,7.06,-9999
M0001,2016-07-09,0,13.7,7,10.4,1.25,9.38,-9999
M0001,2016-07-10,2.5,14.6,6.8,10.5,5.64,15.49,-9999
M0001,2016-07-11,0,15.2,6.5,10.6,8.83,10.7,-9999
M0001,2016-07-12,0,14.8,7,10.6,9.36,9.52,-9999
M0001,2016-07-13,0.2,15.9,6.6,11.8,5.13,7.31,-9999
M0001,2016-07-14,0,13.7,7.4,9.9,7.2,10.79,-9999
M0001,2016-07-15,0,16.1,6.5,11.2,10.92,2.07,-9999
M0001,2016-07-16,0,15,6.4,10.6,9.36,2.54,-9999
M0001,2016-07-17,0,14.1,6.2,10.8,5.51,8.45,-9999
M0001,2016-07-18,0,14.3,6,10,6.76,14.37,-9999
M0001,2016-07-19,1.2,14.8,6.7,10,10.34,5.82,-9999
M0001,2016-07-20,0.9,16.8,5.6,11.1,5.17,5.34,-9999
M0001,2016-07-21,1.1,14.9,6.2,10.2,3.31,12.79,-9999
M0001,2016-07-22,0,16,5.7,11.1,8.49,14.16,-9999
M0001,2016-07-23,0,15.6,7,11.1,10.09,8.78,-9999
M0001,2016-07-24,0,18,7.2,12.5,6.33,12.8,-9999
M0001,2016-07-25,11,18.8,8,12.9,4.89,3.46,-9999
M0001,2016-07-26,0.1,15.9,7.6,10.9,4.42,7.33,-9999
M0001,2016-07-27,7.5,17.2,7.2,11.6,10.4,13.84,-9999
M0001,2016-07-28,0,17.8,7,12.2,2.75,4.89,-9999
M0001,2016-07-29,0,17.5,7.2,12.5,9.19,12.84,-9999
M0001,2016-07-30,0,16.3,7.1,11.2,10.15,16.02,-9999
M0001,2016-07-31,0,16.8,5.8,11.6,9.19,5.24,-9999
M0001,2016-08-01,0,17.7,6.1,11.7,7.79,2.19,-9999
M0001,2016-08-02,0,17.4,6.3,11.7,9.3,1.48,-9999
M0001,2016-08-03,0,14,7.4,10.8,4.75,2.46,-9999
M0001,2016-08-04,0,15.9,7.6,10.6,6.76,1.23,-9999
M0001,2016-08-05,0,15.7,7,11.2,8.45,9.6,-9999
M0001,2016-08-06,0,16.7,8,11.9,5.67,12.38,-9999
M0001,2016-08-07,0,16.5,7,11,3.38,9.58,-9999
M0001,2016-08-08,0,17.5,6.4,11.8,8.28,7.57,-9999
M0001,2016-08-09,0,17.5,5.8,12,5.06,13.08,-9999
M0001,2016-08-10,0,14.7,8,11.7,2.99,6.14,-9999
M0001,2016-08-11,0,16.6,5.9,11.1,6.88,12.42,-9999
M0001,2016-08-12,0,17.4,5.6,11.9,8.38,11.69,-9999
M0001,2016-08-13,0,14.9,6.8,11,6.15,10.25,-9999
M0001,2016-08-14,0,16.6,6.8,11.5,5.41,9.93,-9999
M0001,2016-08-15,0,16.8,6.4,11.6,4.73,5.79,-9999
M0001,2016-08-16,0,18.2,8,13.4,2.43,15.43,-9999
M0001,2016-08-17,0,16.9,7.4,11.2,10.98,16.22,-9999
M0001,2016-08-18,0,13.2,7.8,10.2,5.4,8.35,-9999
M0001,2016-08-19,0,16.6,6.9,11.7,8.12,10.4,-9999
M0001,2016-08-20,0,18.3,6.7,12,2.34,7.56,-9999
M0001,2016-08-21,0,17.9,6.8,11.4,1.8,15.08,-9999
M0001,2016-08-22,0,17.4,7.8,11.6,6.71,7.18,-9999
M0001,2016-08-23,0,14,7.6,9.5,6.95,12.87,-9999
M0001,2016-08-24,0,13.6,6.7,10.3,7.19,1.08,-9999
M0001,2016-08-25,0,18.4,7.4,12.8,7.56,15.7,-9999
M0001,2016-08-26,0,17.9,6.1,12.3,5.84,5.77,-9999
M0001,2016-08-27,0,14.9,7.2,10.8,2.66,13.96,-9999
M0001,2016-08-28,0,14.2,7.7,10.3,8.23,6.09,-9999
M0001,2016-08-29,0,14.9,7.3,11,8.72,5.2,-9999
M0001,2016-08-30,0,15.7,6.4,10,4.21,12.32,-9999
M0001,2016-08-31,0,13.8,8.3,10.4,10.58,9.42,-9999
M0001,2016-09-01,0,15.8,8.1,10.3,3.82,3.86,-9999
M0001,2016-09-02,0,17.9,7.8,12.7,3.67,1.45,-9999
M0001,2016-09-03,0,16.6,7,12.1,9.28,11.17,-9999
M0001,2016-09-04,0,16.9,6.5,12.2,3.52,9.54,-9999
M0001,2016-09-05,0,16.3,7,11.4,2.57,15.94,-9999
M0001,2016-09-06,0,16.8,5.8,12.2,10.42,8.71,-9999
M0001,2016-09-07,0,17.1,7.3,12.2,1.83,13.79,-9999
M0001,2016-09-08,0,16.9,7.2,12.2,4.59,14.85,-9999
M0001,2016-09-09,4.7,14.7,7.3,10.6,7.77,4.25,-9999
M0001,2016-09-10,3.8,16.4,6.6,11.7,9.67,15.62,-9999
M0001,2016-09-11,1.4,16.4,6.7,11.1,7.98,11.14,-9999
M0001,2016-09-12,0,15.8,6.4,10.9,2,4.09,-9999
M0001,2016-09-13,0,12.3,6.8,8.8,10.33,4.71,-9999
M0001,2016-09-14,0.4,16.7,6.3,11.7,2.57,8.31,-9999
M0001,2016-09-15,0.1,13.7,7.8,10.4,7.38,4.3,-9999
M0001,2016-09-16,0,15.6,7.6,11.2,5.39,2.94,-9999
M0001,2016-09-17,0,15.5,7,11.7,5.52,9.77,-9999
M0001,2016-09-18,9.5,16.2,8.9,12.2,1.29,13.15,-9999
M0001,2016-09-19,7,17.3,7.3,11.4,6.15,1.47,-9999
M0001,2016-09-20,0,18.5,8.8,12.7,1.22,7.38,-9999
M0001,2016-09-21,0.7,14.3,8.4,10.9,3.65,7.5,-9999
M0001,2016-09-22,0,14.2,8.4,10.1,10.25,1.56,-9999
M0001,2016-09-23,0,17.2,7.6,10.4,5.85,2.25,-9999
M0001,2016-09-24,0,14.4,9.4,10.8,5.96,4.17,-9999
M0001,2016-09-25,0,15.1,9.2,11.1,9.81,2.71,-9999
M0001,2016-09-26,0,14.7,8,10.6,9.35,6.51,-9999
M0001,2016-09-27,67.3,16.5,7.9,11.5,1.38,15.9,-9999
M0001,2016-09-28,0.8,17.3,7.9,10.8,10.5,8.69,-9999
M0001,2016-09-29,0,17.6,8.6,12.1,9.66,7.29,-9999
M0001,2016-09-30,0,17.4,7.7,12,4.58,10.77,-9999
M0001,2016-10-01,0,17.1,8.4,11.9,10.3,14.53,-9999
M0001,2016-10-02,0,17.6,7.8,12,5.41,9.05,-9999
M0001,2016-10-03,0,17,6.8,11.4,3.03,9.8,-9999
M0001,2016-10-04,0,16.6,6.7,12.1,7.24,14.92,-9999
M0001,2016-10-05,0,16,6.7,11.5,5.92,3.31,-9999
M0001,2016-10-06,0,15.6,7.5,11.1,5.33,4.01,-9999
M0001,2016-10-07,0,15.4,7.2,10.5,9.58,2.76,-9999
M0001,2016-10-08,0,15.6,8.6,11.2,4.54,6.61,-9999
M0001,2016-10-09,0,16.7,8.8,11,5.01,9.57,-9999
M0001,2016-10-10,0,15.1,7.9,10.6,4.89,10.25,-9999
M0001,2016-10-11,0,17.4,5.9,11.7,10.5,3.78,-9999
M0001,2016-10-12,0,18.7,6.2,11.8,3.35,13.04,-9999
M0001,2016-10-13,0,15.4,5.9,10.9,1.95,6.62,-9999
M0001,2016-10-14,0,18.2,6.9,11.9,5.72,8.3,-9999
M0001,2016-10-15,25.4,18.7,6.4,11.7,1.02,10.16,-9999
M0001,2016-10-16,0,16.9,5.8,10.3,3.35,1.93,-9999
M0001,2016-10-17,0,18.2,6.4,12.3,3.43,4.69,-9999
M0001,2016-10-18,0,15.8,7.1,11.5,2.97,7.15,-9999
M0001,2016-10-19,0,16.9,7,11.7,9.27,2.4,-9999
M0001,2016-10-20,0,16.2,8.2,11.6,7.44,11.16,-9999
M0001,2016-10-21,0,17.7,6.1,11.6,10.09,4.52,-9999
M0001,2016-10-22,0,17.8,9,11.2,4.3,4.06,-9999
M0001,2016-10-23,0,17.3,8.5,11.3,9.45,1.83,-9999
M0001,2016-10-24,0,17.1,8.9,12,9.59,4.79,-9999
M0001,2016-10-25,0,15.9,7.4,10.4,2.9,5.09,-9999
M0001,2016-10-26,0,13.8,8.7,9.9,10.05,13.95,-9999
M0001,2016-10-27,9.2,16.1,8.7,11.9,6.31,14.18,-9999
M0001,2016-10-28,0,15.8,8,11.4,10.2,12.5,-9999
M0001,2016-10-29,0,12.1,8.8,9.7,1.1,15.63,-9999
M0001,2016-10-30,0,16.9,8,11.5,9.16,9.72,-9999
M0001,2016-10-31,0,18,6.2,12.4,1.65,5.68,-9999
M0001,2016-11-01,0,17.3,7.1,11.6,4.36,9.28,-9999
M0001,2016-11-02,0,15.7,7.4,11.3,4.75,14.15,-9999
M0001,2016-11-03,0,17.2,7.4,12,7.97,8.73,-9999
M0001,2016-11-04,0,16,6,11.8,1.02,2.18,-9999
M0001,2016-11-05,0,17.4,4.3,12,8.67,10.12,-9999
M0001,2016-11-06,0,19.7,4,11.9,9.82,1.4,-9999
M0001,2016-11-07,0,19.1,6.5,12.7,2.94,2.5,-9999
M0001,2016-11-08,0,18.2,7.3,11.6,4.22,5.6,-9999
M0001,2016-11-09,0,16.2,7.9,10.7,7.6,12.33,-9999
M0001,2016-11-10,0,19.4,8.4,12.2,6.05,8.99,-9999
M0001,2016-11-11,0,16.8,7.9,11.7,9.23,16.53,-9999
M0001,2016-11-12,0,18.4,8.7,12.7,2.62,1.97,-9999
M0001,2016-11-13,10,15.5,8.9,11.4,8.07,1.73,-9999
M0001,2016-11-14,20.8,17.1,8.5,11.6,7.86,10.15,-9999
M0001,2016-11-15,33.6,17,6.8,11.7,9.85,9.6,-9999
M0001,2016-11-16,0,15.9,8.1,10.9,5.04,6.63,-9999
M0001,2016-11-17,0,15.1,8.7,10.2,1.03,12.02,-9999
M0001,2016-11-18,0,15,8.1,11.1,2.04,15.97,-9999
M0001,2016-11-19,8.3,16.7,8.7,11.6,6.35,9.71,-9999
M0001,2016-11-20,0,15.3,8,11,5.53,2.97,-9999
M0001,2016-11-21,0.2,16,8,11.3,2.55,11.3,-9999
M0001,2016-11-22,0,14.8,7.8,10.5,1.48,9.28,-9999
M0001,2016-11-23,0,17.6,6.2,12.1,7.19,15.08,-9999
M0001,2016-11-24,0,18.1,7.3,12.1,1.85,1.67,-9999
M0001,2016-11-25,9.3,14.6,7.9,10.4,7.23,3.21,-9999
M0001,2016-11-26,1.9,17.6,6.8,11.5,5.43,8.34,-9999
M0001,2016-11-27,0,17.1,7.6,11.4,2.61,14.23,-9999
M0001,2016-11-28,0,16.2,7.8,10.8,3.02,15.52,-9999
M0001,2016-11-29,25.8,12.8,7.7,9.7,10.16,12.3,-9999
M0001,2016-11-30,0,17.4,8,12.1,10.17,10.22,-9999
M0001,2016-12-01,0,17.7,7.8,12,6.31,11.44,-9999
M0001,2016-12-02,0,16.8,9,12.1,4.81,7.65,-9999
M0001,2016-12-03,0.7,15.6,8.2,10.9,8.57,4.2,-9999
M0001,2016-12-04,1.2,14.8,7.9,10.3,6.4,10.64,-9999
M0001,2016-12-05,0,14.6,7.4,10.1,10.28,5.98,-9999
M0001,2016-12-06,0,17,5.1,10.9,8.3,4.44,-9999
M0001,2016-12-07,2,17.2,7.2,11.1,5.52,3.37,-9999
M0001,2016-12-08,0,13.9,7.9,10.3,5.24,10.04,-9999
M0001,2016-12-09,0.3,16.2,7.6,11.7,6.45,16.19,-9999
M0001,2016-12-10,0.5,17.4,6.7,11.8,2.83,4.82,-9999
M0001,2016-12-11,0,17.4,8.9,12.1,2.06,16.32,-9999
M0001,2016-12-12,1.8,18.3,8.5,12.1,1.67,10.61,-9999
M0001,2016-12-13,13,15.4,8.5,10.3,9.67,15.59,-9999
M0001,2016-12-14,13,15.4,8.5,10.3,7.45,16.19,-9999
M0001,2016-12-15,0.8,17.4,8.4,12.6,3,4.75,-9999
M0001,2016-12-16,0,13.8,8.1,10.6,7.21,11.62,-9999
M0001,2016-12-17,0.1,17.4,7.7,11.5,5.9,9.67,-9999
M0001,2016-12-18,0,18.2,7.5,12.1,6.23,5.73,-9999
M0001,2016-12-19,5.2,14.4,8.4,10.7,9.69,4.17,-9999
M0001,2016-12-20,4.8,13,7.9,10.1,4.23,13.64,-9999
M0001,2016-12-21,0,15.7,8.3,11.4,5.02,13.24,-9999
M0001,2016-12-22,0,16.5,7.2,11.4,2.33,12.84,-9999
M0001,2016-12-23,0,14.3,8,10.3,5.85,8.52,-9999
M0001,2016-12-24,1.4,13.8,7.8,10.4,1.75,9.86,-9999
M0001,2016-12-25,2.7,15.3,7.8,10.1,10.26,9.98,-9999
M0001,2016-12-26,0.8,15,8.4,11,3.49,1.16,-9999
M0001,2016-12-27,0.6,17.2,7.8,11.6,10.03,1.43,-9999
M0001,2016-12-28,0,15,8.7,10.5,10.23,7.52,-9999
M0001,2016-12-29,0,15.5,7.8,10.4,3.31,9.55,-9999
M0001,2016-12-30,0.2,15.1,7,10.8,8.74,1.47,-9999
M0001,2016-12-31,9.3,13.4,8.6,10.5,8.42,7.98,-9999
M0001,2017-01-01,0,15.6,7.4,11,5.24,8.41,-9999
M0001,2017-01-02,0,15.3,7.5,10.9,3.84,8.82,-9999
M0001,2017-01-03,0.9,12.5,7.3,9.7,3.16,10.2,-9999
M0001,2017-01-04,0.7,10.6,7.7,8.4,5.31,10.68,-9999
M0001,2017-01-05,0,18.2,4.2,12.4,10.42,3.29,-9999
M0001,2017-01-06,3,18,3.8,12.2,4.1,6.54,-9999
M0001,2017-01-07,0.2,16.8,3.8,11,6.99,7.36,-9999
M0001,2017-01-08,5,15.5,6.6,11.2,3.75,3.23,-9999
M0001,2017-01-09,23.7,13.4,6.5,10.3,6.22,1.46,-9999
M0001,2017-01-10,2,15.1,7.8,10.2,6.26,11.87,-9999
M0001,2017-01-11,0.9,14.6,8,10.6,1.85,14.53,-9999
M0001,2017-01-12,0,15.3,7.6,10.8,2.95,2.26,-9999
M0001,2017-01-13,0,16.2,8.5,10.8,7.13,3.32,-9999
M0001,2017-01-14,1.5,15.3,8.1,10.8,3.09,0.85,-9999
M0001,2017-01-15,6.8,16,8.3,11.8,6.73,7.16,-9999
M0001,2017-01-16,0,14.3,6.8,10.1,6.22,14,-9999
M0001,2017-01-17,0,15.6,7.2,11.2,8.71,15.7,-9999
M0001,2017-01-18,0,15,6.7,11,9.1,4.95,-9999
M0001,2017-01-19,0,14.8,7.9,11.2,5.67,13.48,-9999
M0001,2017-01-20,0,16.1,7.5,11.8,2.2,10.91,-9999
M0001,2017-01-21,0,16,8.7,11.5,1.13,16.08,-9999
M0001,2017-01-22,0,16.6,7.5,11.5,2.29,9.23,-9999
M0001,2017-01-23,0,16.9,7.3,11.2,10.94,3.25,-9999
M0001,2017-01-24,0,15.2,8.6,11.2,5.53,16.44,-9999
M0001,2017-01-25,0,14.2,8.6,10.4,3.99,10.99,-9999
M0001,2017-01-26,0,12.8,8.8,10.1,8.61,4.89,-9999
M0001,2017-01-27,0,14.6,7.5,10.9,7.88,14.64,-9999
M0001,2017-01-28,0,13.7,7.1,10.1,10.44,1.46,-9999
M0001,2017-01-29,0,13.5,7,10.3,2.86,3.92,-9999
M0001,2017-01-30,0,14.7,6,10,10.95,8.17,-9999
M0001,2017-01-31,0,14.8,6.8,11,5.11,12.89,-9999
M0001,2017-02-01,0,15.2,6.2,11,7.76,4.94,-9999
M0001,2017-02-02,0,13.5,8,9.9,9.27,3.57,-9999
M0001,2017-02-03,0.1,15,7.1,10.8,2.49,1.51,-9999
M0001,2017-02-04,2.9,13.9,7.6,10.3,4.49,4.85,-9999
M0001,2017-02-05,14,14.6,7,9.9,5.48,9.41,-9999
M0001,2017-02-06,1.1,13.5,8.5,10.4,1.26,12.78,-9999
M0001,2017-02-07,0.1,13.1,8.1,10.1,1.44,12.59,-9999
M0001,2017-02-08,0,12.5,7.9,10,7.64,6.27,-9999
M0001,2017-02-09,0,13.4,8.1,10.1,1.16,8.57,-9999
M0001,2017-02-10,0,14.2,8.2,10.8,2.56,12.99,-9999
M0001,2017-02-11,0,13.7,8.5,10.7,1.59,5.62,-9999
M0001,2017-02-12,0,14.1,7.6,10.8,6.39,14.23,-9999
M0001,2017-02-13,0,14.6,8.7,10.9,5.89,12.04,-9999
M0001,2017-02-14,0,15.3,6.8,10.9,4.41,16.17,-9999
M0001,2017-02-15,0,15.4,7.9,11.3,6.25,3.78,-9999
M0001,2017-02-16,0,15.1,8.9,11.2,6.78,3.87,-9999
M0001,2017-02-17,0.5,15.6,8,10.9,4.77,4.5,-9999
M0001,2017-02-18,0,15.9,8.1,11,6.14,10.18,-9999
M0001,2017-02-19,0.5,14.9,8.7,11,3.87,4.67,-9999
M0001,2017-02-20,0,15.1,8.5,10.8,4.32,11.82,-9999
M0001,2017-02-21,0,14,8.2,9.9,5.78,4.5,-9999
M0001,2017-02-22,0,13.8,8,10.3,6.72,16.24,-9999
M0001,2017-02-23,1.7,14.7,8.6,10.8,4.87,4.92,-9999
M0001,2017-02-24,0.2,13.9,7.2,10.3,6.01,3.93,-9999
M0001,2017-02-25,0,11.8,7.4,9.3,4.74,9.48,-9999
M0001,2017-02-26,0,15.1,6.7,9.7,10.68,4.77,-9999
M0001,2017-02-27,0,14.9,8.1,10.7,3.79,1.89,-9999
M0001,2017-02-28,15.6,14.1,8.8,9.9,9.3,1.89,-9999
M0001,2017-03-01,0.2,14,7.5,10.8,3.62,5.68,-9999
M0001,2017-03-02,0.2,15.3,8,10.8,10.43,6.16,-9999
M0001,2017-03-03,0,16.6,7,11.5,1.85,7.47,-9999
M0001,2017-03-04,16,14.2,9,10.5,3.45,9.26,-9999
M0001,2017-03-05,2.4,13.8,8.7,10.3,8.89,10.42,-9999
M0001,2017-03-06,1,12,8.6,9.9,5.09,6.81,-9999
M0001,2017-03-07,12.6,16.7,8.4,11,7.31,9.93,-9999
M0001,2017-03-08,2.8,12.6,8.2,10.3,7.2,16.59,-9999
M0001,2017-03-09,0,13.8,7.9,10.6,2.37,3.34,-9999
M0001,2017-03-10,0,16.4,7.5,11.3,10.45,10.85,-9999
M0001,2017-03-11,0,14.5,8.4,10.9,2.97,1.43,-9999
M0001,2017-03-12,0,14,8.6,10.8,7.25,9.29,-9999
M0001,2017-03-13,0,14.8,5.2,9.7,4.57,5.96,-9999
M0001,2017-03-14,0.4,14.7,8,10.8,1.96,6.17,-9999
M0001,2017-03-15,8.8,14.4,7.7,11.2,1.23,12.34,-9999
M0001,2017-03-16,13.6,16.9,7.7,12,2.4,6.64,-9999
M0001,2017-03-17,0,14.8,8.1,11.4,10.69,3.31,-9999
M0001,2017-03-18,10.8,14.7,7.6,11.2,1.3,9.64,-9999
M0001,2017-03-19,0.5,15.4,7.9,10.7,6.8,14.47,-9999
M0001,2017-03-20,2.9,12.6,8.2,10.3,2.58,5.59,-9999
M0001,2017-03-21,2.6,15.9,7.4,11.7,9.93,14.27,-9999
M0001,2017-03-22,1.3,15.3,9,11.1,9.82,15.88,-9999
M0001,2017-03-23,1.4,16.3,8.5,11.1,8.9,6.33,-9999
M0001,2017-03-24,17.2,16.3,8.8,11.2,8.07,15.46,-9999
M0001,2017-03-25,0,14.6,8.7,11.2,3.75,9.48,-9999
M0001,2017-03-26,0,16.3,9.4,11.9,2.68,8.92,-9999
M0001,2017-03-27,0.8,16.5,8.7,11.5,10.23,7.18,-9999
M0001,2017-03-28,25.6,15.9,8.7,11.6,10.11,10.22,-9999
M0001,2017-03-29,4,14.5,9,10.9,1.8,16.09,-9999
M0001,2017-03-30,0,12.1,8.6,10,8.67,7.02,-9999
M0001,2017-03-31,4.7,15.3,7.7,11.4,2.28,16.51,-9999
M0001,2017-04-01,0,18.9,7.8,12.5,6.67,16.46,-9999
M0001,2017-04-02,3.7,17.8,8.9,12.5,6.92,8.77,-9999
M0001,2017-04-03,0.6,16.3,9.1,12,4.17,12.93,-9999
M0001,2017-04-04,0.9,15,7.9,11.1,4.87,10.62,-9999
M0001,2017-04-05,0,14.7,8.1,10.3,5.62,9.29,-9999
M0001,2017-04-06,41.9,16.3,8,12.4,9.7,14.71,-9999
M0001,2017-04-07,3.8,15.7,8,11.2,1.46,11.49,-9999
M0001,2017-04-08,18.6,15.1,8,11,2.59,10.75,-9999
M0001,2017-04-09,2.1,14.9,8.7,10.4,9.02,7.36,-9999
M0001,2017-04-10,10.2,15.3,8.8,10.7,3.69,14.99,-9999
M0001,2017-04-11,6.6,13.1,8.6,10.1,9.94,12.04,-9999
M0001,2017-04-12,0.5,15.4,8.6,10.6,1.65,10.91,-9999
M0001,2017-04-13,0,15.6,8.2,11.5,4,9.8,-9999
M0001,2017-04-14,0,14.9,9,10.7,10.75,10.21,-9999
M0001,2017-04-15,11.8,13.1,8.6,10.3,7.94,7.51,-9999
M0001,2017-04-16,0,12.9,9,10.1,4.33,8.62,-9999
M0001,2017-04-17,0,13.9,8.8,10.9,2.51,9.78,-9999
M0001,2017-04-18,0,10.9,8.9,9.7,3.62,9.55,-9999
M0001,2017-04-19,12.6,14.8,8.7,11.1,6.55,12.63,-9999
M0001,2017-04-20,2.3,15.2,8,10,1.14,2.42,-9999
M0001,2017-04-21,11,13.1,8,10,8.52,9.58,-9999
M0001,2017-04-22,0,12.6,7.9,10.1,8.87,2.44,-9999
M0001,2017-04-23,0,14.6,8.9,11.5,6.52,6.83,-9999
M0001,2017-04-24,5.3,16,8.6,11.4,4.91,2.87,-9999
M0001,2017-04-25,5,16.1,7.8,11.5,2.43,9.67,-9999
M0001,2017-04-26,37.6,16.8,8.6,11.8,3.7,8.56,-9999
M0001,2017-04-27,28.2,16.3,7.9,11.7,5.22,12.3,-9999
M0001,2017-04-28,6,16.3,7,11.4,3.31,5.97,-9999
M0001,2017-04-29,54.6,14.8,8.4,11,5.69,14.9,-9999
M0001,2017-04-30,0,15.8,7.8,11.3,1.32,10.59,-9999
M0001,2017-05-01,0.5,15.6,8.8,10.9,5.45,2.84,-9999
M0001,2017-05-02,0,14.6,7.9,10.5,7.94,1.84,-9999
M0001,2017-05-03,0,13.9,7.8,10.6,10.08,6.88,-9999
M0001,2017-05-04,0,16,8.7,11.1,10.84,15.88,-9999
M0001,2017-05-05,0,15.7,8,11,11,9.53,-9999
M0001,2017-05-06,0,16.3,7.9,11.1,7.68,9.34,-9999
M0001,2017-05-07,0,14.6,6.8,10.3,10.88,5.27,-9999
M0001,2017-05-08,0,15.6,6.6,10.9,10.89,7.17,-9999
M0001,2017-05-09,0,15.8,7.8,11.5,3.29,14.45,-9999
M0001,2017-05-10,0,16.5,7.8,11.8,4.72,4.59,-9999
M0001,2017-05-11,0,17.1,8.8,12,1.29,16.55,-9999
M0001,2017-05-12,0,16.4,8.4,11,6.7,12.85,-9999
M0001,2017-05-13,0,16.4,9.4,12.4,2.98,5,-9999
M0001,2017-05-14,0,15.8,6.4,11.6,1.72,7.24,-9999
M0001,2017-05-15,0,17.2,6.4,12.2,9.67,9.49,-9999
M0001,2017-05-16,0,14.2,7,10.1,2.24,12.57,-9999
M0001,2017-05-17,0,15.6,8.1,11.3,5.19,16.33,-9999
M0001,2017-05-18,1.3,16.8,8.8,12.2,7.84,13.45,-9999
M0001,2017-05-19,1.8,14.8,8.7,11.3,6.25,5.19,-9999
M0001,2017-05-20,3.9,14.5,8.6,10.5,3.06,3.43,-9999
M0001,2017-05-21,1.3,12.8,7.9,10,4,3.7,-9999
M0001,2017-05-22,3.8,14,7.7,9.9,5.58,11.51,-9999
M0001,2017-05-23,5.6,15.1,8.4,10.7,5.92,13.97,-9999
M0001,2017-05-24,0,15.3,8.7,11,5.32,7.12,-9999
M0001,2017-05-25,0,17,6.5,11.8,7.86,12.34,-9999
M0001,2017-05-26,7.4,16.1,6.6,11.3,3.42,9.19,-9999
M0001,2017-05-27,0.8,15.7,9,11.8,5.48,3.08,-9999
M0001,2017-05-28,13,13.1,7.8,10,4.18,12.42,-9999
M0001,2017-05-29,0.2,13,8,9.9,2.24,16.03,-9999
M0001,2017-05-30,0,15.2,6.7,10.8,10.92,8.61,-9999
M0001,2017-05-31,0,16.7,6.3,11.8,7.2,10.65,-9999
M0001,2017-06-01,10.6,16.4,7.8,12,8.1,12.42,-9999
M0001,2017-06-02,2.7,14.3,7.7,10.9,10.66,9.16,-9999
M0001,2017-06-03,20.3,14,7.6,10.6,7.85,4.38,-9999
M0001,2017-06-04,3.7,14.2,7,10.4,5.65,8.6,-9999
M0001,2017-06-05,2.5,14.7,8.8,11.3,5.22,13.64,-9999
M0001,2017-06-06,2.2,15.6,7.9,11.4,2.2,15.1,-9999
M0001,2017-06-07,2.2,16.1,7.9,11.3,8.99,10.2,-9999
M0001,2017-06-08,0.6,15.2,6.4,11.2,9.18,10.96,-9999
M0001,2017-06-09,0.1,13.7,6.7,10.2,3.5,8.97,-9999
M0001,2017-06-10,0,15.1,7.1,10.3,3.72,7.7,-9999
M0001,2017-06-11,0.3,15.2,6.8,11,2.33,6.09,-9999
M0001,2017-06-12,1.9,14.3,7,10.7,2.09,16.36,-9999
M0001,2017-06-13,0,13.6,7,10.4,8.42,6.28,-9999
M0001,2017-06-14,0.1,12.9,7.9,10.4,8.81,12.68,-9999
M0001,2017-06-15,0,14.6,8,11.2,4.58,5.69,-9999
M0001,2017-06-16,0,15.9,8.8,11.7,6.78,10.81,-9999
M0001,2017-06-17,0,13.7,6,10.6,2.35,12.91,-9999
M0001,2017-06-18,0,15.9,6.6,10.9,6.46,4.86,-9999
M0001,2017-06-19,0,16.2,7,11.3,8.88,2.4,-9999
M0001,2017-06-20,0,15.6,6.3,10.8,2.69,15.17,-9999
M0001,2017-06-21,0,15.8,6.9,10.9,7.29,4.58,-9999
M0001,2017-06-22,0,17.2,6.7,11,8.5,6.97,-9999
M0001,2017-06-23,0,16.9,8.3,12.4,1.71,6.68,-9999
M0001,2017-06-24,0,14.9,7.9,9.9,8.4,7.23,-9999
M0001,2017-06-25,0,13.6,7.8,10.6,9.01,8.95,-9999
M0001,2017-06-26,0,15.1,7.4,10.7,2.29,12.76,-9999
M0001,2017-06-27,0,15.6,6.7,11.1,3.51,8.45,-9999
M0001,2017-06-28,0,17.8,7.2,12.8,1.98,6.29,-9999
M0001,2017-06-29,0,18,6.4,12.1,10.72,2.46,-9999
M0001,2017-06-30,0,16.4,6.7,11.8,7.09,5.23,-9999
M0001,2017-07-01,0,13.4,7.4,10.3,1.09,14.67,-9999
M0001,2017-07-02,0,12.1,7.4,9.9,4.37,15.27,-9999
M0001,2017-07-03,0,13,7.4,9.3,4.64,9.75,-9999
M0001,2017-07-04,0,12.6,5,8.6,4.45,7.86,-9999
M0001,2017-07-05,0.1,13.4,5.3,10,8.45,8.02,-9999
M0001,2017-07-06,0,13.2,6.6,9.6,10.83,13.77,-9999
M0001,2017-07-07,0,13.5,6.2,10.2,7.41,7.66,-9999
M0001,2017-07-08,0.5,16.2,5.9,10.5,2.82,11.96,-9999
M0001,2017-07-09,0,17.2,5.4,12.1,1.25,2.98,-9999
M0001,2017-07-10,0,16.9,7,11.4,9.74,13.91,-9999
M0001,2017-07-11,0,14.6,7.6,10.6,8.39,6.38,-9999
M0001,2017-07-12,0,15.2,7.2,10.6,1.76,0.85,-9999
M0001,2017-07-13,0,14.3,7.6,10.6,6.55,13.95,-9999
M0001,2017-07-14,0,14.1,7.4,10.4,5.98,7.9,-9999
M0001,2017-07-15,0.2,14.3,7.8,10,8.41,8.44,-9999
M0001,2017-07-16,0,14.1,6,10.2,7.03,7.43,-9999
M0001,2017-07-17,0,14.8,5.5,10.3,10.62,9.73,-9999
M0001,2017-07-18,0,15.6,7.2,11,7.55,14.45,-9999
M0001,2017-07-19,0,15.9,5.7,10.8,9.83,16.03,-9999
M0001,2017-07-20,10.2,16.2,7.5,12.3,4.52,9.96,-9999
M0001,2017-07-21,0,17.5,6.4,12,3.34,11.77,-9999
M0001,2017-07-22,0.6,17.7,5.3,12.3,4.85,12.53,-9999
M0001,2017-07-23,0,17,7.1,11.7,6.34,14.18,-9999
M0001,2017-07-24,0,17.3,7,12.2,8.03,9.54,-9999
M0001,2017-07-25,0,16.6,8.2,11.9,1.6,11.29,-9999
M0001,2017-07-26,0,14.7,7.2,10.7,5.14,10.93,-9999
M0001,2017-07-27,0,16,6.8,11.5,4.53,16.31,-9999
M0001,2017-07-28,0,14.5,7.8,10.6,8.14,8.65,-9999
M0001,2017-07-29,0,15,7,10.2,1.68,2.46,-9999
M0001,2017-07-30,0,15.9,5.4,11.3,7.54,1.68,-9999
M0001,2017-07-31,0,15.2,5,10.7,7.62,1.8,-9999
M0001,2017-08-01,0,14.8,6.4,10.3,1.42,5.94,-9999
M0001,2017-08-02,0.7,16.9,7.3,11.4,8.66,11.34,-9999
M0001,2017-08-03,0,14.3,7.6,10.3,3.61,16.2,-9999
M0001,2017-08-04,2,13.8,7.6,10.5,10.06,9.95,-9999
M0001,2017-08-05,0,12.3,6.3,9,7.89,15.78,-9999
M0001,2017-08-06,0,12.4,6.8,9.9,6.98,10.58,-9999
M0001,2017-08-07,0,15.8,6,10.9,2.92,8.71,-9999
M0001,2017-08-08,0,16.7,6.8,11.6,10.7,9.55,-9999
M0001,2017-08-09,0,16.5,6.9,11.5,8.79,11.72,-9999
M0001,2017-08-10,0,16.4,6.5,11.3,6.18,8.73,-9999
M0001,2017-08-11,0,17.7,6,12.1,8.79,1.68,-9999
M0001,2017-08-12,0,15.4,6.8,11,4.72,3.62,-9999
M0001,2017-08-13,0,17.9,7.1,12,1.26,8.6,-9999
M0001,2017-08-14,0,13.7,7,10.7,8.46,12.85,-9999
M0001,2017-08-15,0,13.6,8.6,10,6.9,10.48,-9999
M0001,2017-08-16,0,15.8,8.6,12,8.2,11.4,-9999
M0001,2017-08-17,0,14.9,7.2,11.2,4.79,12.33,-9999
M0001,2017-08-18,0,16,6.9,10.5,1.69,9.96,-9999
M0001,2017-08-19,0,15.4,7.9,11.2,7.19,11.49,-9999
M0001,2017-08-20,0,16.3,7.7,11,4.02,2.18,-9999
M0001,2017-08-21,0,15,7.7,11,1.84,6.4,-9999
M0001,2017-08-22,0,15.4,7.2,11.3,3.69,8,-9999
M0001,2017-08-23,0,14.9,7.7,10.9,4.77,11.29,-9999
M0001,2017-08-24,0,15.8,8.2,11.4,5.81,12.57,-9999
M0001,2017-08-25,0,17.2,7.2,11.6,5.67,3.43,-9999
M0001,2017-08-26,0,18.8,4.8,12.4,6.6,3.19,-9999
M0001,2017-08-27,0,19.2,6.9,12.9,7.73,13.24,-9999
M0001,2017-08-28,0,16.8,7,11.4,7.14,13.26,-9999
M0001,2017-08-29,0,16.1,7.5,11.5,7.98,4.87,-9999
M0001,2017-08-30,5.7,16.3,7.7,11.8,8.85,5.53,-9999
M0001,2017-08-31,12.2,14,8.9,11.2,6.83,1.02,-9999
M0001,2017-09-01,1.1,17.2,6.6,11.6,9.47,8.66,-9999
M0001,2017-09-02,0,18.7,5.7,12.1,6.54,12.37,-9999
M0001,2017-09-03,0,18.2,8,12.1,5.99,1.28,-9999
M0001,2017-09-04,0,16.8,8.8,11.9,5.67,3.67,-9999
M0001,2017-09-05,0,14.7,8.8,10.6,8.14,13.16,-9999
M0001,2017-09-06,0,15.4,7.5,11.3,4.18,16.46,-9999
M0001,2017-09-07,0,17.8,8.3,12.5,1.12,10.68,-9999
M0001,2017-09-08,0,16.2,8.9,11.3,5.07,0.9,-9999
M0001,2017-09-09,0,14.6,6.5,10,10.88,7.8,-9999
M0001,2017-09-10,0,13.8,7,10.7,4.84,2.24,-9999
M0001,2017-09-11,0,14.8,7.8,10.7,4.84,9.07,-9999
M0001,2017-09-12,0,16,7.6,10.7,2.02,15.86,-9999
M0001,2017-09-13,0,17.7,6.4,12.1,5.33,1.35,-9999
M0001,2017-09-14,0,18,7.9,10.7,3.55,14.68,-9999
M0001,2017-09-15,0,17.6,6.9,11.8,3.65,7.57,-9999
M0001,2017-09-16,0,17.5,7.6,11.9,6.72,10.01,-9999
M0001,2017-09-17,0,17.8,8.9,12.3,1.62,3.41,-9999
M0001,2017-09-18,0,16.4,7.7,11.8,8.53,11.53,-9999
M0001,2017-09-19,3.8,18,7,11.5,9.88,13.47,-9999
M0001,2017-09-20,0,17.8,4.3,11.9,1.82,14.19,-9999
M0001,2017-09-21,0,16.1,8.8,11.7,9.41,8.72,-9999
M0001,2017-09-22,0,16.3,8.6,11.6,4.07,10.41,-9999
M0001,2017-09-23,0,14.6,7.6,11,3.76,15.75,-9999
M0001,2017-09-24,0,18,8,12.6,7.76,13.6,-9999
M0001,2017-09-25,0,17.6,7.6,12.3,6.62,12.34,-9999
M0001,2017-09-26,19,18,9,11.2,3.43,9.08,-9999
M0001,2017-09-27,26.8,17.3,5,10.5,7.76,10.09,-9999
M0001,2017-09-28,0,16.7,8.4,11.5,7.94,9.51,-9999
M0001,2017-09-29,0,17.4,7.8,12.1,2.69,3.25,-9999
M0001,2017-09-30,0,17.4,8.8,12.7,6.09,5.43,-9999
M0001,2017-10-01,0,17.1,7.9,10.8,8.59,11.94,-9999
M0001,2017-10-02,0,16.5,6.8,10.1,1.81,8.81,-9999
M0001,2017-10-03,0,13.2,7.4,9,9.65,11.91,-9999
M0001,2017-10-04,0,17,5,9.4,8.51,4.62,-9999
M0001,2017-10-05,0,14.2,7.1,9.7,5.67,10.37,-9999
M0001,2017-10-06,0,16.4,8,11.9,4.72,4.59,-9999
M0001,2017-10-07,0,16.8,8.2,9.6,7.75,3.8,-9999
M0001,2017-10-08,0,17.4,7.8,11.7,1.68,6.55,-9999
M0001,2017-10-09,0,17.9,4.5,9.9,4.13,15.71,-9999
M0001,2017-10-10,0,17.6,5.2,10.6,9.34,16.17,-9999
M0001,2017-10-11,0,18.4,6.4,12.2,4.09,3.16,-9999
M0001,2017-10-12,0,18.2,7.6,12.6,7.34,2.6,-9999
M0001,2017-10-13,0,15.6,9.4,11,2.08,15.49,-9999
M0001,2017-10-14,0,16.4,6.8,11.2,4.03,7.62,-9999
M0001,2017-10-15,0,17.6,7.6,12.1,2.43,4.43,-9999
M0001,2017-10-16,3.6,17,5.6,11.9,9.48,13.14,-9999
M0001,2017-10-17,0.2,17.7,5.8,11.7,10.11,1.17,-9999
M0001,2017-10-18,1.3,16.4,8,11.5,3.64,5.79,-9999
M0001,2017-10-19,3.9,14.9,8.5,10.3,6.97,3.53,-9999
M0001,2017-10-20,0,13.6,8.4,10,9.28,1.56,-9999
M0001,2017-10-21,9,14.2,8.4,10.4,1.2,1.35,-9999
M0001,2017-10-22,0.5,13.4,8,10.5,1.51,2.14,-9999
M0001,2017-10-23,4.7,16.9,5.2,11.8,5.38,13.35,-9999
M0001,2017-10-24,6.1,16.4,3.3,10.5,6.42,5.16,-9999
M0001,2017-10-25,10.6,13.9,7.8,9.4,9.16,8.57,-9999
M0001,2017-10-26,5.5,16.8,7.9,11.6,7.89,13.08,-9999
M0001,2017-10-27,5.3,17.6,7.7,12,9.15,13.02,-9999
M0001,2017-10-28,9.3,14,7.9,10.5,4.87,12.86,-9999
M0001,2017-10-29,12.6,13.7,8.1,10.5,10.04,10.73,-9999
M0001,2017-10-30,3.3,15.9,3.5,11.7,7.04,13.14,-9999
M0001,2017-10-31,3,18,7.5,10.7,7.14,16.6,-9999
M0001,2017-11-01,1,15.9,8.5,11.6,8.46,1.26,-9999
M0001,2017-11-02,0,15.6,8.5,11.6,7.65,11.3,-9999
M0001,2017-11-03,22.3,15,7.7,10.6,8.39,12.4,-9999
M0001,2017-11-04,4,16.8,7.2,10.5,10.77,8.64,-9999
M0001,2017-11-05,8.1,15.2,8.9,11.1,10.24,3.04,-9999
M0001,2017-11-06,11,13,8.4,10.3,9.55,9.78,-9999
M0001,2017-11-07,6.2,15.7,8.7,10.3,8.24,6.78,-9999
M0001,2017-11-08,0.1,15.7,8,11.4,1.14,9.14,-9999
M0001,2017-11-09,0.6,14.9,7.9,10.6,9.96,6.43,-9999
M0001,2017-11-10,26.8,15,6.7,10.9,2.26,11.1,-9999
M0001,2017-11-11,2,17.1,7.4,11.7,10.54,4.94,-9999
M0001,2017-11-12,0,17.3,7.9,12,10.26,13.64,-9999
M0001,2017-11-13,0.3,18.2,4.3,12.1,6.43,6,-9999
M0001,2017-11-14,0.1,15.3,5.6,10.6,10.23,15.68,-9999
M0001,2017-11-15,2.1,13.3,8.8,10.3,5.96,7.14,-9999
M0001,2017-11-16,0,14.6,7.9,11,5.5,5.02,-9999
M0001,2017-11-17,1,18.3,5,12.4,7.32,4.68,-9999
M0001,2017-11-18,0.1,18.8,6.2,12.8,4.15,1.36,-9999
M0001,2017-11-19,0,18.5,7.8,12.7,7.49,14.84,-9999
M0001,2017-11-20,13.1,17.6,5,12.3,2.29,8.13,-9999
M0001,2017-11-21,0,18.8,4.5,12.6,3.36,11.17,-9999
M0001,2017-11-22,0,15.1,8.3,10.9,4.62,10.55,-9999
M0001,2017-11-23,0,17.8,7,12.7,2.57,8.82,-9999
M0001,2017-11-24,0,14.1,8.6,11.2,9.84,7.61,-9999
M0001,2017-11-25,0,15.6,8.3,11.4,5.51,2.34,-9999
M0001,2017-11-26,0,17.6,8.7,12.2,8.68,1.08,-9999
M0001,2017-11-27,0,18.9,5,11.6,7.93,13.82,-9999
M0001,2017-11-28,0.1,16,6.5,11.1,9.27,1.87,-9999
M0001,2017-11-29,0,15.8,8.9,11.4,8.38,2.38,-9999
M0001,2017-11-30,0,11.8,8.5,10,8.27,16.14,-9999
M0001,2017-12-01,0.1,13.5,7.8,10.2,8.24,9.84,-9999
M0001,2017-12-02,0,12.4,7.7,9.5,7.88,14.49,-9999
M0001,2017-12-03,0,15.7,6.8,9.8,3.92,5.47,-9999
M0001,2017-12-04,0,16.1,4.7,9.6,9.5,5.54,-9999
M0001,2017-12-05,0,16.1,4.7,9.6,10.72,7.44,-9999
M0001,2017-12-06,0,10.6,6,7.9,6.43,8.58,-9999
M0001,2017-12-07,0,16.8,7.2,11.3,8.61,7.25,-9999
M0001,2017-12-08,0.6,15.8,6,11,1.2,7.16,-9999
M0001,2017-12-09,7.2,16.9,6,10.9,6.61,1.71,-9999
M0001,2017-12-10,30.4,14.4,6.2,10.1,9.87,11.87,-9999
M0001,2017-12-11,0,17.2,3.9,10.2,10.51,2.01,-9999
M0001,2017-12-12,0,16.9,5,9.9,4.37,9.32,-9999
M0001,2017-12-13,0,17,7,10.3,10.4,14.14,-9999
M0001,2017-12-14,0,16.4,7,11.2,1.97,5.02,-9999
M0001,2017-12-15,0,16.3,6.5,11,10.01,2.26,-9999
M0001,2017-12-16,22.8,17.5,5.4,11.5,3.32,11.84,-9999
M0001,2017-12-17,6.5,15.7,7.6,10.4,1.81,5.58,-9999
M0001,2017-12-18,8.2,13.9,3.4,10.4,6.38,8.01,-9999
M0001,2017-12-19,3.3,14,4.5,8.9,1.94,2.08,-9999
M0001,2017-12-20,4.4,10.9,7.7,9.3,6.12,7.61,-9999
M0001,2017-12-21,0,16.5,7.1,11.2,8.65,10.68,-9999
M0001,2017-12-22,6,13.8,7.7,10.4,9,1.22,-9999
M0001,2017-12-23,0.1,13.1,7.9,9.4,5.91,6.51,-9999
M0001,2017-12-24,0,13.7,8.3,10.4,4.5,4.76,-9999
M0001,2017-12-25,0,13,7.7,9.7,10.81,4.93,-9999
M0001,2017-12-26,0,14.4,8,10.7,10.09,7.83,-9999
M0001,2017-12-27,0,16.1,6.7,11.1,5.37,11.14,-9999
M0001,2017-12-28,0,16,6.7,11.1,1.44,9.06,-9999
M0001,2017-12-29,0,15.2,6,10.8,10.66,10.09,-9999
M0001,2017-12-30,7.8,16.4,6.8,11.2,1.81,5.66,-9999
M0001,2017-12-31,1.4,15,7.8,10.5,5.88,2.13,-9999
M0001,2018-01-01,0.9,16.6,7,11.8,1.12,5.43,-9999
M0001,2018-01-02,0.1,17.9,6.8,12.4,9.43,3.89,-9999
M0001,2018-01-03,0,17.9,6.7,12.2,5.44,2.67,-9999
M0001,2018-01-04,0,17.3,8.9,12,5.95,16.37,-9999
M0001,2018-01-05,0,17,9.5,11.8,6.99,4.05,-9999
M0001,2018-01-06,0,16.9,7.5,10.7,5.02,13.37,-9999
M0001,2018-01-07,0,15.4,9.5,11.8,6.81,8.28,-9999
M0001,2018-01-08,0,15.6,9.6,11.8,5.05,14.92,-9999
M0001,2018-01-09,0,16.8,8,11.5,4.79,4.54,-9999
M0001,2018-01-10,0,16.4,9.2,11.8,8.49,5.65,-9999
M0001,2018-01-11,0,16.7,8.9,11.9,4.75,12.41,-9999
M0001,2018-01-12,0,16.3,5.9,11.2,6.53,10.21,-9999
M0001,2018-01-13,0,15.8,7.7,10.8,5.9,14.91,-9999
M0001,2018-01-14,0,15.7,6.8,11.1,3.55,4.94,-9999
M0001,2018-01-15,0,15.2,7,10.2,5.45,4.83,-9999
M0001,2018-01-16,7.2,14.3,7.6,10.7,8.9,15.61,-9999
M0001,2018-01-17,0.1,14,8.9,10.9,2.41,10.77,-9999
M0001,2018-01-18,0,14.8,9,11,1.95,11.16,-9999
M0001,2018-01-19,0.3,16,8.7,11.3,9.72,10.18,-9999
M0001,2018-01-20,0,14.2,8.6,10.8,7.92,5.4,-9999
M0001,2018-01-21,15.8,15.4,6.9,10.5,5.21,9.34,-9999
M0001,2018-01-22,0.2,15.2,6.2,9.9,4.64,11.99,-9999
M0001,2018-01-23,0,14,7.7,10,9.61,1.13,-9999
M0001,2018-01-24,0,13.8,7.8,9.5,10.65,12.13,-9999
M0001,2018-01-25,0,15.4,6,10.1,9.78,9.41,-9999
M0001,2018-01-26,0,16.4,6.9,11.1,10.64,4.54,-9999
M0001,2018-01-27,0,13,8.2,10.3,6.77,5.07,-9999
M0001,2018-01-28,0,15.7,8.7,11.4,5.85,10.28,-9999
M0001,2018-01-29,0,14.5,7.4,10.7,5.26,4.79,-9999
M0001,2018-01-30,0,15,8.7,11.2,3.06,14.53,-9999
M0001,2018-01-31,0,14.7,8.7,10.9,5.46,3.91,-9999
M0001,2018-02-01,2.8,15.1,8.5,10.5,8.08,2.45,-9999
M0001,2018-02-02,13.7,16.8,7,11,10.02,8.68,-9999
M0001,2018-02-03,0.2,15.8,8.5,11,5.02,13.32,-9999
M0001,2018-02-04,0.4,16.7,7,12,4.74,1.93,-9999
M0001,2018-02-05,0.2,16.4,5.8,11.2,5.44,14.2,-9999
M0001,2018-02-06,0,17.8,5.8,11,9.22,9.47,-9999
M0001,2018-02-07,0,16.8,6.6,11.3,10.28,9.82,-9999
M0001,2018-02-08,0,14.8,7,10.4,9.62,12.04,-9999
M0001,2018-02-09,0,13.9,8.4,10.8,3.79,3.65,-9999
M0001,2018-02-10,0,17.2,6.1,11.4,5.89,10.2,-9999
M0001,2018-02-11,0.8,14.8,8.7,9.9,7.58,10.76,-9999
M0001,2018-02-12,0,15.3,6.9,10.6,7.27,14.08,-9999
M0001,2018-02-13,0,16.2,8.6,11.4,2.37,12.16,-9999
M0001,2018-02-14,0,16.5,8.5,11.4,10.17,14.17,-9999
M0001,2018-02-15,0.9,14.7,8.2,10.8,1.24,4.96,-9999
M0001,2018-02-16,25.1,14.9,7.9,10.5,8.55,11.55,-9999
M0001,2018-02-17,7.5,18,7.2,12.8,4.06,11.73,-9999
M0001,2018-02-18,3.8,16.9,9.4,11.7,4.77,6.49,-9999
M0001,2018-02-19,0.3,15.9,8.2,11.7,2.29,13.96,-9999
M0001,2018-02-20,0.5,16.7,8,11.2,8.56,4.33,-9999
M0001,2018-02-21,0,13.7,8.9,10.7,2.17,9.3,-9999
M0001,2018-02-22,1.7,14.7,8.8,10.5,9.59,3.72,-9999
M0001,2018-02-23,0,13.7,7.6,10,7.13,7.49,-9999
M0001,2018-02-24,0,13.8,8.9,9.5,10.64,8.41,-9999
M0001,2018-02-25,0,13.4,7.6,9.8,6.55,6.24,-9999
M0001,2018-02-26,0,14,7.8,9.3,9.73,10.32,-9999
M0001,2018-02-27,0,14.2,8,10.1,3.87,11.64,-9999
M0001,2018-02-28,3.8,14.9,6.5,10.3,3.2,14.85,-9999
M0001,2018-03-01,18.7,16.1,7.3,10.9,2.66,15.54,-9999
M0001,2018-03-02,5,16,7.1,10.4,2.19,5.75,-9999
M0001,2018-03-03,0,16.4,8,11.4,4.58,6.7,-9999
M0001,2018-03-04,0,14.4,7.2,9.5,6.17,2.26,-9999
M0001,2018-03-05,0,14.6,7.8,10,2.22,9.58,-9999
M0001,2018-03-06,0,16,6.4,10.6,8.33,6.78,-9999
M0001,2018-03-07,0,16.8,5.2,11.2,9.49,11.07,-9999
M0001,2018-03-08,0,17.2,6,11.5,3.6,7.36,-9999
M0001,2018-03-09,0,15.1,7.2,10.3,7.13,7.71,-9999
M0001,2018-03-10,0,16,8.8,10.5,10.12,11.47,-9999
M0001,2018-03-11,0,16.2,8,11.4,1.51,2.08,-9999
M0001,2018-03-12,0,16.4,8.7,11.5,8.57,13.71,-9999
M0001,2018-03-13,0,14,8.6,11.3,1.94,3.83,-9999
M0001,2018-03-14,0,16.8,7.8,11.8,2.07,7.99,-9999
M0001,2018-03-15,1.8,15.9,8,10.9,5.07,5.83,-9999
M0001,2018-03-16,13.8,16.1,7.5,11.4,5.52,6.73,-9999
M0001,2018-03-17,4.4,15,8.7,10.9,8.88,2.44,-9999
M0001,2018-03-18,0.3,17,7.3,11.6,10.48,2.78,-9999
M0001,2018-03-19,1.8,15.6,8.6,10.7,2.25,5.81,-9999
M0001,2018-03-20,3,14.4,7.7,10.7,5.02,5.64,-9999
M0001,2018-03-21,0,15.2,8,11.3,2.67,7.52,-9999
M0001,2018-03-22,6.9,14.3,7.6,10.9,5.02,7.72,-9999
M0001,2018-03-23,1,16.1,8.7,11.5,2.78,16.28,-9999
M0001,2018-03-24,1,15.7,8.9,11.5,10.58,7.99,-9999
M0001,2018-03-25,0.2,16,9,11.3,5.47,15.49,-9999
M0001,2018-03-26,0,16.4,8.3,12.6,9.94,12.08,-9999
M0001,2018-03-27,1.2,17,8.2,11.9,4.93,1.13,-9999
M0001,2018-03-28,15.8,16.8,8.1,11.9,5.95,8.37,-9999
M0001,2018-03-29,0.6,15,8.9,10.4,9.64,8.54,-9999
M0001,2018-03-30,0,13,8.2,9.7,5.82,1.38,-9999
M0001,2018-03-31,0.8,13.2,8.3,9.7,3.17,6.28,-9999
M0001,2018-04-01,5.6,15.3,7.7,9.6,6.69,1.61,-9999
M0001,2018-04-02,0.1,15.7,8.2,10.2,2.72,12.85,-9999
M0001,2018-04-03,0,16.5,7.9,11.9,10.85,4.1,-9999
M0001,2018-04-04,0,15.9,8,11.5,6.93,11.07,-9999
M0001,2018-04-05,0,16.6,7.8,11,2.39,6.49,-9999
M0001,2018-04-06,0,16.4,8.9,11.8,4.56,10.03,-9999
M0001,2018-04-07,0,15.7,8.7,10.6,1.9,13.1,-9999
M0001,2018-04-08,0,14.8,8.5,11,7.32,11.97,-9999
M0001,2018-04-09,0,15.6,9,11,3.19,16.2,-9999
M0001,2018-04-10,13.5,15,7.6,11.5,10.65,15.6,-9999
M0001,2018-04-11,6,14,8.1,10.7,1.38,6.69,-9999
M0001,2018-04-12,19.5,15.5,8.7,11.8,9.63,6.37,-9999
M0001,2018-04-13,0,16.1,7.5,11.5,1.24,1.81,-9999
M0001,2018-04-14,6.8,13.6,8.2,11,2.04,11.17,-9999
M0001,2018-04-15,10.5,15.8,8.2,10.9,9.08,7.22,-9999
M0001,2018-04-16,1.2,14,9,10.7,5.52,13.54,-9999
M0001,2018-04-17,2.2,15,8.6,10.4,7.2,16.18,-9999
M0001,2018-04-18,4,15.1,7.5,11,1.23,6.72,-9999
M0001,2018-04-19,19.7,13.8,7.8,10.7,7.73,15.1,-9999
M0001,2018-04-20,24.6,16.1,6.8,11,3.8,12.61,-9999
M0001,2018-04-21,0,16.4,7,10.9,9.09,10.6,-9999
M0001,2018-04-22,0.1,17,8.6,12.4,10.74,1.15,-9999
M0001,2018-04-23,28.4,16,8.7,11,5.26,8.1,-9999
M0001,2018-04-24,2.6,15.4,8.5,11.2,8.91,1.96,-9999
M0001,2018-04-25,0.9,13.9,8.8,10.5,7.36,13.18,-9999
M0001,2018-04-26,0,16.5,8.2,11.6,4.66,10.72,-9999
M0001,2018-04-27,2.2,16.9,8,11.8,9.19,12.68,-9999
M0001,2018-04-28,2,16.6,7,11.9,1.03,13.26,-9999
M0001,2018-04-29,0.8,16.8,9.5,12.3,7.17,13.86,-9999
M0001,2018-04-30,0,16.1,8.2,11.2,1.11,9.94,-9999
M0001,2018-05-01,4.8,16,8,11.5,2.54,13.57,-9999
M0001,2018-05-02,0,15.3,5.9,11.7,4.08,11.8,-9999
M0001,2018-05-03,0,14.8,7.8,10.9,5.13,15.63,-9999
M0001,2018-05-04,0,15.1,7.8,10.7,1.14,2.56,-9999
M0001,2018-05-05,0,14.6,8,10.6,10.07,3.48,-9999
M0001,2018-05-06,1.6,14.7,7.3,10.7,8.16,14.42,-9999
M0001,2018-05-07,4.1,13.6,8.4,10.5,5.09,8.63,-9999
M0001,2018-05-08,0,14.6,6,10.4,7.66,1.81,-9999
M0001,2018-05-09,0.2,16.2,6,11.5,2.4,5.62,-9999
M0001,2018-05-10,3.6,16.4,7,11.1,1.89,11.38,-9999
M0001,2018-05-11,0,16.2,7.2,11,10.34,6.56,-9999
M0001,2018-05-12,0,15.1,8,10.3,4.53,4.74,-9999
M0001,2018-05-13,0,15.5,7.4,10.7,10.77,3.59,-9999
M0001,2018-05-14,0,13.7,8,9.7,4.56,14,-9999
M0001,2018-05-15,0,13,7.8,10.2,4.17,6.5,-9999
M0001,2018-05-16,0,12.6,7.8,9.7,7.4,11.13,-9999
M0001,2018-05-17,0,12.3,7.6,9.6,6.88,12.33,-9999
M0001,2018-05-18,0,12.5,6.8,9.5,8.47,7.11,-9999
M0001,2018-05-19,3.6,14.8,6.8,10,10.38,13.09,-9999
M0001,2018-05-20,0.8,16.4,5.7,11.4,5.24,5.27,-9999
M0001,2018-05-21,0.2,15.5,5.4,10.5,10.87,3.37,-9999
M0001,2018-05-22,0,15.4,6.2,11.1,6.23,13.97,-9999
M0001,2018-05-23,0,15,6.4,10.2,1.91,7.63,-9999
M0001,2018-05-24,0,15.7,6.9,10.7,1.5,15.25,-9999
M0001,2018-05-25,0,15.8,6.8,10.9,7.02,7.24,-9999
M0001,2018-05-26,0.6,15.4,7.9,10.3,4.17,5.37,-9999
M0001,2018-05-27,0,15.6,7.6,11,10.62,6.7,-9999
M0001,2018-05-28,0,15.5,7.8,11.3,6.72,12.25,-9999
M0001,2018-05-29,0,15.4,7,10.7,4.72,11.42,-9999
M0001,2018-05-30,0,16,8.2,12.4,2.7,1.95,-9999
M0001,2018-05-31,0,15,7.8,10.6,5.04,14.4,-9999
M0001,2018-06-01,0.3,14.8,6.8,10.9,2.45,2.43,-9999
M0001,2018-06-02,0,16,5,11.7,6.73,11.97,-9999
M0001,2018-06-03,3.3,15.5,7,10.9,8.54,12,-9999
M0001,2018-06-04,1.3,15.8,7.2,11.3,10.67,10.57,-9999
M0001,2018-06-05,0,16.1,7.4,11.7,1.6,6.18,-9999
M0001,2018-06-06,6.8,15.8,7.1,10.6,5.83,10.89,-9999
M0001,2018-06-07,6.1,15.4,8,10.5,5.76,1.99,-9999
M0001,2018-06-08,0,14.8,8.2,10.7,3.11,14.32,-9999
M0001,2018-06-09,0.5,16.2,7.5,11.8,1.5,7.23,-9999
M0001,2018-06-10,0,15.2,7.8,10.1,3.96,13.4,-9999
M0001,2018-06-11,0,15.8,7,11.3,7.73,8.73,-9999
M0001,2018-06-12,0,16.4,8,11.3,10.4,12.06,-9999
M0001,2018-06-13,0.6,14.9,7.3,11,6.66,6.64,-9999
M0001,2018-06-14,1.2,15.5,6.5,11.1,1.08,7.32,-9999
M0001,2018-06-15,0,15,6.8,9.3,5.23,3.93,-9999
M0001,2018-06-16,0,12.7,7.9,9.5,5.84,10.64,-9999
M0001,2018-06-17,4.3,16.8,8.2,11.6,4.71,11.66,-9999
M0001,2018-06-18,5.5,15.1,7.7,10.8,2.04,4.23,-9999
M0001,2018-06-19,1.9,15.8,7,10.5,8.92,13.96,-9999
M0001,2018-06-20,0,16,6.2,10,7.27,13.33,-9999
M0001,2018-06-21,0,16.2,7,10.7,7.24,0.89,-9999
M0001,2018-06-22,0,15.6,7.2,11.3,9.1,2.11,-9999
M0001,2018-06-23,0,15.8,6.9,11.2,10.04,8.41,-9999
M0001,2018-06-24,0,16,7,11.2,2.52,7.62,-9999
M0001,2018-06-25,0,14.6,7.6,10.7,8.55,11.62,-9999
M0001,2018-06-26,0,14.7,7.5,10.9,7.68,14.85,-9999
M0001,2018-06-27,0,15,6.2,9.7,7.64,14.46,-9999
M0001,2018-06-28,0,15.5,5,9.5,2.03,6.8,-9999
M0001,2018-06-29,0,15.1,5.5,11,5.37,14.63,-9999
M0001,2018-06-30,0,15.8,6.3,10.6,5.57,4.14,-9999
M0001,2018-07-01,0.5,15.5,7,11,7.74,14.02,-9999
M0001,2018-07-02,0,15.7,7,11.2,4.38,13.56,-9999
M0001,2018-07-03,0,14.7,6.9,10.9,4.22,5.76,-9999
M0001,2018-07-04,0,15.4,8,10.4,4.63,9.08,-9999
M0001,2018-07-05,0,14.9,6.2,9.7,2.81,8.72,-9999
M0001,2018-07-06,0,15.6,6.7,10.9,3.97,3.45,-9999
M0001,2018-07-07,0,15.2,7.5,9.9,1.31,10.92,-9999
M0001,2018-07-08,0,16.5,6.6,10.8,10.62,9.07,-9999
M0001,2018-07-09,7.8,15.7,6.3,10.8,9.54,5.24,-9999
M0001,2018-07-10,0.1,16.2,6.6,11.3,9.91,2.6,-9999
M0001,2018-07-11,0,15.2,6.8,10.4,9.92,11.35,-9999
M0001,2018-07-12,1.9,13.2,7.5,9.1,1.45,16.12,-9999
M0001,2018-07-13,0.5,14.7,6.3,10.4,10.12,1.66,-9999
M0001,2018-07-14,0,15.2,7.1,10.3,5.59,15.62,-9999
M0001,2018-07-15,0,15.8,6,10.8,9.04,7.39,-9999
M0001,2018-07-16,0,16.5,7,11.4,10.33,7.49,-9999
M0001,2018-07-17,0,15.8,6.5,10.6,6.92,12.58,-9999
M0001,2018-07-18,0,17.1,7.2,11.2,10.41,4.07,-9999
M0001,2018-07-19,0,16.9,7,11.3,7.06,11.25,-9999
M0001,2018-07-20,0,14.8,7.2,10.4,2.41,3.43,-9999
M0001,2018-07-21,0,16.5,7.4,11.2,2.45,3.88,-9999
M0001,2018-07-22,0,16.9,5.4,11.3,3.55,11.92,-9999
M0001,2018-07-23,0,17.1,6.7,12.1,1.79,3.57,-9999
M0001,2018-07-24,0,16.8,7.5,10.6,9.09,5.93,-9999
M0001,2018-07-25,0,15,7,10,4.65,2.57,-9999
M0001,2018-07-26,0,16.6,6.9,11.4,6.33,0.81,-9999
M0001,2018-07-27,0,15.8,5.8,11.5,8.56,3.57,-9999
M0001,2018-07-28,0,16.7,6,12.2,10.08,15.23,-9999
M0001,2018-07-29,0,15.6,5.4,10.7,6.78,13.89,-9999
M0001,2018-07-30,0,13.4,6.8,9.2,3.14,12.33,-9999
M0001,2018-07-31,0,14.8,7,10.2,7.85,7.19,-9999
M0001,2018-08-01,0,16.2,7.2,10.4,9.32,7.12,-9999
M0001,2018-08-02,0,16.8,7.7,12.2,1.83,15.36,-9999
M0001,2018-08-03,0,16,7.4,12.1,8.71,8.65,-9999
M0001,2018-08-04,0,16.7,6.8,12.3,4.19,3.2,-9999
M0001,2018-08-05,0,15.7,5.6,11.4,9.86,14.84,-9999
M0001,2018-08-06,0,16,7.2,11.1,5.39,2.54,-9999
M0001,2018-08-07,0,16.5,6.6,11.1,4.04,1.17,-9999
M0001,2018-08-08,0,17.1,6.6,11.3,10.77,1.01,-9999
M0001,2018-08-09,0,16.7,7,11.7,8,7.41,-9999
M0001,2018-08-10,0,16.5,7.6,11.7,7.57,2.11,-9999
M0001,2018-08-11,1.5,20.3,7.5,12.9,2.66,0.82,-9999
M0001,2018-08-12,0,19.2,8,12.1,10.04,16.47,-9999
M0001,2018-08-13,0,19.5,7.4,12.6,10.34,9.4,-9999
M0001,2018-08-14,0,19.8,6.4,13.3,6.63,11.65,-9999
M0001,2018-08-15,0,17.4,6.8,12.5,1.97,14.55,-9999
M0001,2018-08-16,0,16.7,9,11.7,1.58,8.61,-9999
M0001,2018-08-17,0,16.8,8.6,11.3,7.55,5.29,-9999
M0001,2018-08-18,0,17.8,8.6,12,3.42,14.9,-9999
M0001,2018-08-19,0,16.8,8.5,11.6,4.21,4.66,-9999
M0001,2018-08-20,0,12.8,9,10,5.8,2.29,-9999
M0001,2018-08-21,0,16,5,10.8,9.18,8.79,-9999
M0001,2018-08-22,4,15.8,7.7,11.6,1.68,5.44,-9999
M0001,2018-08-23,15,17.6,5.6,12.6,8.32,8.96,-9999
M0001,2018-08-24,0.3,16.8,4.2,10.7,9.46,9.11,-9999
M0001,2018-08-25,0,18.5,8,12.4,7.44,4.87,-9999
M0001,2018-08-26,0,18.7,8.2,11.4,3.7,1.78,-9999
M0001,2018-08-27,0,18,8.1,11.7,10.08,3.12,-9999
M0001,2018-08-28,0,16.4,8,11.4,1.77,13.66,-9999
M0001,2018-08-29,0,17.8,8.2,11.4,9.75,7.17,-9999
M0001,2018-08-30,0,19.4,8.8,11.6,5.24,10.79,-9999
M0001,2018-08-31,0,17.2,8.5,11.6,7.83,13.32,-9999
M0001,2018-09-01,0,17.8,8.6,11.9,9.08,2.51,-9999
M0001,2018-09-02,0,17.2,7,11.8,10.68,2.01,-9999
M0001,2018-09-03,0,18.7,6.2,11.2,8.75,8.4,-9999
M0001,2018-09-04,0,17.9,3.8,12.1,3.86,8.59,-9999
M0001,2018-09-05,0,17.6,7,12.5,6.95,5.76,-9999
M0001,2018-09-06,0,18.6,9.5,12.9,4.54,7.47,-9999
M0001,2018-09-07,0,15.5,8.9,11.1,6.39,12.75,-9999
M0001,2018-09-08,4,16.6,7.9,11.5,5.27,9.03,-9999
M0001,2018-09-09,6.9,17.6,7.7,11.9,8.07,1.05,-9999
M0001,2018-09-10,20.4,15.9,8,11.2,1.01,16.56,-9999
M0001,2018-09-11,6.2,18.5,6.8,11.9,9.64,1.33,-9999
M0001,2018-09-12,2.4,14.8,8.5,10.8,7.06,3.5,-9999
M0001,2018-09-13,2.3,13.5,8.8,10.2,4.46,4.7,-9999
M0001,2018-09-14,0.4,12.2,8.2,9.5,8.98,15.97,-9999
M0001,2018-09-15,0,16.7,7.4,10.3,6.59,9.93,-9999
M0001,2018-09-16,0,17.9,8,12.4,10.71,8.33,-9999
M0001,2018-09-17,0,17.6,8.9,12.1,6.78,13.83,-9999
M0001,2018-09-18,0,16.6,9,11.5,1.49,10.13,-9999
M0001,2018-09-19,0,16.2,9.5,11.7,2.05,8.8,-9999
M0001,2018-09-20,0,17.1,8.8,12,1,14.49,-9999
M0001,2018-09-21,0,15.6,9,10.5,7.62,11.73,-9999
M0001,2018-09-22,0,16.7,8.9,11.9,2.14,1.04,-9999
M0001,2018-09-23,0,15.6,9.4,11.5,10,5.27,-9999
M0001,2018-09-24,1.8,16.3,8.6,11.7,7.32,4.51,-9999
M0001,2018-09-25,0,14,9.4,10.8,9.22,15.59,-9999
M0001,2018-09-26,0,18.3,8.8,11.9,8.24,12.38,-9999
M0001,2018-09-27,0.1,16.5,8.9,10.6,9.69,14.59,-9999
M0001,2018-09-28,0,16.6,9.2,11.7,7.31,13.77,-9999
M0001,2018-09-29,0.8,16.3,9.2,10.5,4.58,13.1,-9999
M0001,2018-09-30,14.4,16.2,9.4,11.7,5.86,16,-9999
M0001,2018-10-01,0.8,17.1,9,12.2,1.44,6.95,-9999
M0001,2018-10-02,23.8,17.6,8.2,12.1,3.58,5.41,-9999
M0001,2018-10-03,2.6,17.2,10,10.7,8.42,11.46,-9999
M0001,2018-10-04,2.6,13.6,9.1,10.9,8.37,5.92,-9999
M0001,2018-10-05,0,13.7,8.3,9.7,10.29,16.16,-9999
M0001,2018-10-06,0,16.3,6.9,9.5,2.12,3.51,-9999
M0001,2018-10-07,2,15.2,7.5,11,10.65,13.2,-9999
M0001,2018-10-08,1.5,12.3,7.9,10.6,5.7,9.54,-9999
M0001,2018-10-09,0,15.8,6.5,11,3.34,8.6,-9999
M0001,2018-10-10,0,17.1,7.2,11.2,10.56,2.05,-9999
M0001,2018-10-11,4,16.9,7,10.9,4.61,14.19,-9999
M0001,2018-10-12,6.9,14.8,7.2,10.4,4.67,9.31,-9999
M0001,2018-10-13,20.4,16.5,7.4,9.7,3.41,13.55,-9999
M0001,2018-10-14,6.2,16.9,5.4,10.9,10.82,6.38,-9999
M0001,2018-10-15,2.4,17.1,6.7,9.9,2.62,12.06,-9999
M0001,2018-10-16,2.3,16.8,7.5,10.8,10.23,12.14,-9999
M0001,2018-10-17,0.4,15,7,10.8,3.8,14.12,-9999
M0001,2018-10-18,0,16.6,6.9,11.3,7.3,4.19,-9999
M0001,2018-10-19,0,15.8,5.8,10.4,2.51,2.76,-9999
M0001,2018-10-20,0,16.7,6,9.1,10.07,14.89,-9999
M0001,2018-10-21,0,15.6,5.4,10.4,3.58,3.15,-9999
M0001,2018-10-22,0,13.4,6.8,10.3,7.2,7.49,-9999
M0001,2018-10-23,0,14.8,7,10.8,5.36,8.74,-9999
M0001,2018-10-24,0,16.2,7.2,11.4,2.58,4.76,-9999
M0001,2018-10-25,0,16.8,7.7,10.6,10.15,8.93,-9999
M0001,2018-10-26,0,16,7.4,11.2,1.54,7.08,-9999
M0001,2018-10-27,1.8,16.7,6.8,11.3,1.39,5.07,-9999
M0001,2018-10-28,0,15.7,5.6,10.4,9.89,10.92,-9999
M0001,2018-10-29,0,16,7.2,11.2,8.74,15.1,-9999
M0001,2018-10-30,0.1,16.5,6.6,11.3,5.89,3.97,-9999
M0001,2018-10-31,0,17.1,6.6,12.1,2.88,14.79,-9999
M0001,2018-11-01,0.8,16.7,7,10.6,6.88,16.59,-9999
M0001,2018-11-02,14.4,16.5,7.6,10,4.34,13.38,-9999
M0001,2018-11-03,0.8,20.3,7.5,11.4,6.17,6.99,-9999
M0001,2018-11-04,23.8,19.2,8,11.5,9.41,0.97,-9999
M0001,2018-11-05,2.6,19.5,7.4,12.2,7.03,1.34,-9999
M0001,2018-11-06,2.6,19.8,6.4,10.7,3.77,10.68,-9999
M0001,2018-11-07,0,17.4,6.8,9.2,2.4,2.61,-9999
M0001,2018-11-08,0,16.7,9,10.2,10.79,15.95,-9999
M0001,2018-11-09,2,16.5,6.5,10.4,2.47,11.65,-9999
M0001,2018-11-10,0,14.9,7.9,10.6,6.2,7.38,-9999
M0001,2018-11-11,0,15,6.7,10.9,8.27,7.59,
M0001,2018-11-12,0,17.1,7.4,11.7,5.82,4.97,
M0001,2018-11-13,10,17.3,7.9,12,9.12,9.54,
M0001,2018-11-14,20.8,18.2,4.3,12.1,8.08,13.99,
M0001,2018-11-15,33.6,15.3,5.6,10.6,6.09,4.92,
M0001,2018-11-16,0,13.3,8.8,10.3,8.61,4.33,
M0001,2018-11-17,0,14.6,7.9,11,9.48,12.73,
M0001,2018-11-18,0,18.3,5,12.4,5.08,13.54,
M0001,2018-11-19,8.3,18.8,6.2,12.8,1.82,5.16,
M0001,2018-11-20,0,18.5,7.8,12.7,6.16,2.03,
M0001,2018-11-21,0.2,17.6,5,12.3,6.75,6.74,
M0001,2018-11-22,0,18.8,4.5,12.6,8.75,1.47,
M0001,2018-11-23,0,15.1,8.3,10.9,5.5,16.08,
M0001,2018-11-24,0,17.8,7,12.7,8.94,7.92,
M0001,2018-11-25,9.3,14.1,8.6,11.2,5.11,9.19,
M0001,2018-11-26,1.9,15.6,8.3,11.4,5.12,15.83,
M0001,2018-11-27,0,17.6,8.7,12.2,9.01,5.46,
M0001,2018-11-28,0,18.9,5,11.6,1.57,7.56,
M0001,2018-11-29,25.8,16,6.5,11.1,4.06,12.82,
M0001,2018-11-30,0,15.8,8.9,11.4,3.83,0.84,
M0001,2018-12-01,0,11.8,8.5,10,9.17,7,
M0001,2018-12-02,0,13.5,7.8,10.2,7.15,9.3,
M0001,2018-12-03,0.7,12.4,7.7,9.5,10.9,13.53,
M0001,2018-12-04,1.2,15.7,6.8,9.8,10.55,11.39,
M0001,2018-12-05,0,16.1,4.7,9.6,3.07,11.75,
M0001,2018-12-06,0,16.1,4.7,9.6,2.9,1.93,
M0001,2018-12-07,2,10.6,6,7.9,3.98,8.95,
M0001,2018-12-08,0,16.8,7.2,11.3,2.39,11.51,
M0001,2018-12-09,0.3,15.8,6,11,9.29,13.87,
M0001,2018-12-10,0.5,16.9,6,10.9,10.75,5.04,
M0001,2018-12-11,0,14.4,6.2,10.1,5.19,15.95,
M0001,2018-12-12,1.8,17.2,3.9,10.2,3.07,11.43,
M0001,2018-12-13,13,16.9,5,9.9,4.41,14.53,
M0001,2018-12-14,13,17,7,10.3,9.3,14.64,
M0001,2018-12-15,0.8,16.4,7,11.2,4.78,4.23,
M0001,2018-12-16,0,16.3,6.5,11,10.58,14.37,
M0001,2018-12-17,0.1,17.5,5.4,11.5,7.7,8.82,
M0001,2018-12-18,0,15.7,7.6,10.4,3.85,1.33,
M0001,2018-12-19,5.2,13.9,3.4,10.4,9.47,13.16,
M0001,2018-12-20,4.8,14,4.5,8.9,2.93,5.22,
M0001,2018-12-21,0,10.9,7.7,9.3,6.42,10.03,
M0001,2018-12-22,0,16.5,7.1,11.2,6.22,6.31,
M0001,2018-12-23,0,13.8,7.7,10.4,6.83,7.43,
M0001,2018-12-24,1.4,13.1,7.9,9.4,2.98,10.71,
M0001,2018-12-25,2.7,13.7,8.3,10.4,5.63,14.94,
M0001,2018-12-26,0.8,13,7.7,9.7,6.12,1.99,
M0001,2018-12-27,0.6,14.4,8,10.7,9.9,12.64,
M0001,2018-12-28,0,16.1,6.7,11.1,7.53,14.18,
M0001,2018-12-29,0,16,6.7,11.1,6.7,12.6,
M0001,2018-12-30,0.2,15.2,6,10.8,5.07,16.44,
M0001,2018-12-31,9.3,16.4,6.8,11.2,5.01,3.32,
